topic_id,global_top_words,n_docs_total,first_month,last_month,n_months_active,n_subcluster_hits
0,"mr scheele, thursfield, tengzhong, mr thursfield, scheele said, mr schrempp, mr gettelfinger, scheele, hubbert, mr reitzle, schrempp said, mr toyoda, koenigsegg, mr pischetsrieder, schrempp",6861,2000-01,2019-06,118,151
1,"ventures join, ventures included, paul venture, round included, round joined, prism venture, calif completed, led round, series funding, kodiak venture, sprout group, cerent, included existing, calif gained, participated round",3764,2000-01,2005-10,70,92
2,"ultrabooks, nehalem, ad blocking, sendo, wallstreetbets, tom com, hkt, netbooks, cyberstore, sapura, viewability, mesdaq, cyberworks, gprs, inotera",4606,2000-01,2021-02,112,121
3,"mr zelaya, judge griesa, zelaya, micheletti, labastida, mr fujimori, mahuad, griesa, mr machinea, clarín, mr redrado, mr lagos, daniel pollack, noboa, montesinos",1765,2000-01,2016-02,49,55
4,"a3xx, buttrick, aa com, lowestfare, canadian airlines, nieland, bonus miles, md 11, paper tickets, airline web, aadvantage, trippler, garment bag, lowestfare com, gangwal",1011,2000-01,2003-08,24,28
5,"mr farrah, webhouse, mrs lewis, elderhostel, hanigan, mize, ms merrick, mr emmerson, furniture com, miadora, futurestep, urbanfetch, mr boaz, strober, lenk",1485,2000-01,2008-10,35,47
6,"canvassing board, county canvassing, nationwide margin, gore plan, canvassing boards, manual recounts, hand recounts, manual recount, sauls, poll oct, farhadian, pariente, presidential electors, gore campaign, gore aides",5729,2000-01,2021-08,79,113
7,"ephedra, buspar, medinol, natrecor, diflucan, daca, iressa, lotronex, integrilin, immunex, reproductive cloning, hamied, progestin, transkaryotic, dr venter",5882,2000-01,2020-07,104,134
8,"econnect, mr slatkin, sawtelle, mr sawtelle, flv, davidge, mr davidge, magnan, nasd regulation, asensio, nyquist, ameriserve, slatkin, mr jakob, rent way",1747,2000-01,2004-11,40,42
9,"chris craft, videotron, mr kennard, mtvi, ms fili, mr dahlberg, time domain, upn, fili krushel, krushel, kennard said, nelvana, mr padden, langhoff, mediaone",494,2000-01,2011-10,13,15
10,"rapleaf, voom, mr ergen, ceglia, mr costolo, costolo said, ergen, charles dolan, admeld, ergen said, quora, hughes echostar, emi time, playdom, nextwave",2203,2000-01,2017-04,62,67
11,"mr belnick, belnick, mulcahey, ljm, glisan, judge lake, michael mulcahey, messrs kozlowski, working tyco, swartz tyco, mr grubman, mr petrocelli, obus, mr fastow, mr glisan",3658,2000-01,2011-10,77,91
12,"ljm, ljm2, nov enron, enrononline, enron board, berardino, mr fastow, enron senior, partnerships enron, enron shares, enron treasurer, fastow, spes, enron account, ees",1543,2000-01,2008-05,34,45
13,"donaghy, mr stitzer, dr garnier, stitzer, mr flannery, pliva, bluelight, mr schoewe, mr isdell, schoewe said, desert sky, mr culp, genset, schoewe, mr eyler",1951,2000-01,2018-11,58,60
14,"tecnost, mib 30, euros olivetti, mibtel, mib30, seat pg, mibtel index, euros telecom, milan shares, nuovo mercato, mr cuccia, compart, mib30 index, euros milan, cuccia",1282,2000-01,2019-07,40,44
15,"santo international, santo financial, ms tilton, eurofin, sacklers, ubiome, caspersen, mr shkreli, oceanografía, itt tech, greebel, shkreli, ashikaga, kalobios, beechwood",3476,2000-01,2020-11,95,99
16,"shays meehan, blendstock, gasoline blendstock, khurais, daukoru, e85, beutel president, roukema, ritterbusch, ghawar, firm cameron, schork, december wheat, addison armstrong, jatropha",2067,2000-01,2009-08,46,54
17,"passione, rollwipes, onmoney, glotzbach, mr iverson, swingline, dasilva, bowerman, mr ripken, mr capone, coughlin told, onmoney com, mr mcdougal, linktone, ripken",305,2000-01,2005-04,12,12
18,"banyu, ltcb, ashikaga, mr gettelfinger, shoei, sogo, mr yashiro, 000 uaw, gettelfinger, delphi workers, hilley, employee price, nasdaq japan, ford workers, nippon credit",1433,2000-01,2017-08,44,48
19,"printcafe, optus, singtel, anatel, mobileone, hih, ipstar, starmedia, telefonica del, vodafone pacific, patagon, mr galvan, exxel, optus shares, taiwan cellular",2449,2000-01,2015-07,57,63
20,"mr duisenberg, duisenberg said, euro banknotes, hicp, duisenberg, insee said, eurosystem, mr welteke, welteke, welteke said, upward risks, m3 growth, mr issing, hicp inflation, issing",826,2000-01,2014-10,23,24
21,"sunplus, teleglobe, mr forstmann, velocita, antec, xo, williams communications, weitzen, crossgain, performance score, mr weitzen, ixc, kpnqwest, mcafee com, forstmann",981,2000-01,2003-12,24,30
22,"mr cunha, pmdb, mr temer, janot, leysen, mr esteves, ms rousseff, eduardo cunha, mr schaeuble, mr giscard, temer, mr odebrecht, hdz, petrosaudi, mr moro",1789,2000-01,2017-08,46,51
23,"pesos manila, philippines shares, yasay, mr yasay, 10 centavos, bw resources, pesos ayala, centavos, 50 centavos, unchanged volume, manila shares, 20 centavos, centavos 10, electric class, miguel class",479,2000-01,2005-02,17,18
24,"led cac, nouveau marche, index actively, rose euros, racal, euros ahead, euros paris, alcatel rose, euros vivendi, thomson csf, euros cap, stmicroelectronics dropped, 90 euros, euros chip, coflexip",839,2000-01,2011-06,29,30
25,"archegos, greensill, day compound, compound yields, compound yield, simple yields, performance score, pbhg, simple yield, day simple, gfg, taxable funds, definitions notes, exempt shares, taxable shares",5055,2000-01,2021-10,129,146
26,"st 212, tel 44, tel 49, 30 tel, tel 39, marsalis, street 212, tel 33, ave 212, balanchine, 9595, bandleader, american songbook, stravinsky, modern jazz",7801,2000-01,2018-12,89,153
27,"dpj, mr hatoyama, mr kan, hatoyama, mr ozawa, mr kamei, mr hayami, mr obuchi, hayami, kamei, mr fujii, mr shirakawa, mr mori, obuchi, ozawa",1854,2000-01,2017-10,51,56
28,"harvoni, opdivo, praluent, depomed, repatha, imbruvica, tecfidera, zolgensma, ubiome, baxalta, ornskov, biosimilar, brandicourt, perrigo, philidor",5779,2000-01,2021-10,126,155
29,"spike protein, remdesivir, biontech vaccine, necc, pfizer biontech, oxford astrazeneca, biontech, mrna, riata, omicron, astrazeneca vaccine, moderna vaccine, bntx, novavax, pfizer moderna",4727,2000-01,2021-12,91,112
30,"francs sterling, francs dollar, mazanec, francs pound, sterling trading, francs late, american session, francs ice, york sterling, toronto dollar, york euro, sinche, chandler chief, yen 107, com bedminster",4919,2000-01,2015-01,143,151
31,"ministers welcomed, esquel, juch, khao san, safeguard quotas, global quota, ministers noted, mr bassett, apec region, liberalisation, farm tariffs, apec, siem reap, balita, suggestions hours",558,2000-01,2006-07,22,22
32,"marjah, mr karzai, mr gusinsky, gen mcchrystal, gusinsky, mr zardari, qayum, kayani, jirga, mr mehsud, itera, borodin, gen kayani, gen allen, mr ghani",5439,2000-01,2021-09,126,151
33,"everaert, euros philips, benchmark 24, euros amsterdam, company upc, aex index, aex, amsterdam main, baan, amsterdam shares, dutch shares, euros upc, asm lithography, getronics, euros kpn",484,2000-01,2001-05,17,19
34,"mr stoiber, stoiber, bunia, jiayuan, qihoo, liugong, longhua, nie, ncri, duelfer, 3leaf, taobao mall, qaqaa, al qaqaa, vie structure",1002,2000-01,2015-12,39,40
35,"mr suthep, coverage afghanistan, ibra, suthep, ms yingluck, wahid government, sabirin, west timor, mr hutomo, hutomo, misuari, mr wahid, mr subianto, yingluck, bank bali",2350,2000-01,2021-12,69,77
36,"mr sperry, return page, y2k compliant, y2k problems, y2k bug, y2k, y2k rollover, y2k related, minor glitches, y2k preparations, y2k issues, sperry, y2k computer, millennium bug, luftman",29,2000-01,2000-01,1,1
37,"tel 852, 15 admission, admission hk, st 212, tel 86, hall 11, mrs brooks, diebenkorn, place victoria, victoria memorial, singapore symphony, 30 admission, lomo, klimt, davidge",855,2000-01,2013-04,33,37
38,"cny6, pacific sector, dollar cny6, yuan nondeliverable, implying fall, currency floats, terms edt, stocks laggers, philippine shares, terms est, issues laggards, taiwan equities, laggers, dealings dollar, fall yuan",4829,2000-01,2021-03,136,151
39,"elektrim, mobilcom, mr esser, mr villalonga, atecs, mr schmid, liberty surf, mr gent, panafieu, kirchmedia, keuntje, degiovanni, mr bon, scheurle, ramqvist",2124,2000-01,2004-06,36,49
40,"sales prevailing, spieker, conditions interviews, corasaniti, source bankrate, schalop, sgt bergdahl, reschke, silverstein group, estimate reasonable, mr reschke, professionals executives, raiman, fifield, market snapshot",832,2000-01,2015-09,27,28
41,"jiway, mr saltiel, tradepoint, saltiel, virt, freeserve, easdaq, nasdaq europe, zentaris, fund associations, bipop, temenos, libertysurf, interactive investor, market dealings",212,2000-01,2002-01,8,8
42,"hk cents, mr heywood, mr bo, wukan, ms gu, ordinaries index, cents hk, southern weekly, hk hk, gained hk, heywood death, added hk, kailai, shed hk, 50 hk",4234,2000-01,2015-08,107,121
43,"cao singapore, dafa, falun dafa, hanergy, mr charoen, mr soong, pntr, mr tung, wing hang, hanergy film, stdm, stock connect, huarong, thaibev, tabung",4544,2000-01,2018-01,101,118
44,"mr kloppers, alinta, frankfurt stocks, mr tinkler, ausnet, sp ausnet, kloppers, chip xetra, elsam, euros electronics, techem, minas rio, kloppers said, whitehaven, euros infineon",3892,2000-01,2014-07,91,100
45,"alh, foodland, southcorp, australian leisure, metcash, stockland, ogs, harmony offer, stada, national foods, retail liquor, wmc, mr osmond, gpt, kuka",1966,2000-01,2016-09,54,58
46,"yield newest, jgb futures, eurobond session, cash jgbs, midmarket swaps, year jgb, newest 10, london eurobond, jgb, point midmarket, bund future, jgbs, point euribor, syndicate official, lead december",1947,2000-01,2021-10,76,85
47,"boskalis, ie8, wpd, mr purcell, mr desano, tradepoint, mr bostock, desano, lloyds abbey, mr fama, meguid, nulty, sipprelle, mr antioco, ackermans",1795,2000-01,2013-09,53,58
48,"tse section, section issues, index tse, nikkei futures, volume tse, index section, asahi bank, exchange topix, unchanged volume, yen matsushita, yen advantest, exchange section, yen sumitomo, index tokyo, yen ntt",1855,2000-01,2012-05,57,64
49,"won blue, won hyundai, unchanged volume, won korea, won sk, korea shares, korea composite, 500 won, won seoul, daily 15, pohang iron, 300 won, hyundai electronics, 350 won, cetinkaya",1680,2000-01,2020-04,54,56
50,"destatis, destatis said, mr lenihan, mr shevardnadze, vliet economist, office destatis, istat said, shevardnadze, mr khodorkovsky, obr, union eurostat, mr nowotny, gfk said, fianna fail, eurostat said",7001,2000-01,2015-03,135,167
51,"evergrande, bull dog, ant group, kuaishou, meituan, pinduoduo, sensetime, spavor, crossgain, didi global, boyu, pentax, mr spavor, aderans, standards tokyo",3719,2000-01,2021-12,96,114
52,"mr subbarao, summer sown, gokarn said, subbarao said, gokarn, rbi, subbarao, rbi raised, khullar said, mukherjee said, duvvuri subbarao, duvvuri, exchange bse, mr gokarn, mr mukherjee",3630,2000-01,2016-10,92,104
53,"exchange cnx, cnx nifty, nifty index, rupees satyam, mr elop, himachal futuristic, elop, rupees reliance, satyam computers, rupees infosys, gujarat ambuja, rupees hindustan, exchange sensitive, rupees wipro, zee telefilms",1482,2000-01,2013-09,46,49
54,"zurich allied, rose francs, francs novartis, 50 francs, francs nestle, francs pharmaceutical, ubs gained, francs zurich, novartis gained, suisse gained, sairgroup, francs swisscom, roche fell, unaxis, 13 francs",430,2000-01,2001-05,17,17
55,"volume bse, rupees gainers, stock cnx, ril, nifty index, cnx nifty, 00 rupees, rupees hdfc, rupees icici, ringgit kuala, geojit bnp, rupees decliners, malaysia shares, rupees mumbai, rupees tata",4189,2000-01,2016-12,100,134
56,"80 rand, 50 rand, 40 rand, rand johannesburg, 70 rand, 30 rand, 10 rand, composite share, gold index, 90 rand, africa stocks, networking commerce, rand anglo, johannesburg shares, africa shares",502,2000-01,2001-04,16,21
57,"pence colt, pence logica, pence arm, pence energis, pence announcing, pence british, gained pence, spirent, pence despite, pence shell, 100 closed, heavyweight vodafone, dropped pence, colt telecom, london stocks",490,2000-01,2001-08,20,20
58,"nyse fell, poor smallcap, nyse rose, index nonfinancial, continental stoxx, nyse traded, measured russell, smallcap 600, david gaffen, nasdaq small, gaffen, nyse lost, cap markets, overall nasdaq, 600 declined",14871,2000-01,2021-12,255,399
59,"stockholm general, omx index, fell kronor, framfab, stockholm shares, vaccari, mr goldfajn, bendine, 50 kronor, mobilcom, mr vaccari, mr bendine, petrobras executives, general index, kronor amid",1695,2000-01,2019-12,57,60
60,"75 baht, thailand shares, hana microelectronics, foreign board, baht bangkok, thailand stocks, thailand index, excluding shares, board volume, baht national, 25 baht, telecomasia, 50 baht, baht thai, baht siam",457,2000-01,2001-04,16,17
61,"mr duhalde, duhalde, aires shares, mr cavallo, pesos banco, la rua, acindar, pesos telecom, volumes totaled, perez companc, companc, pc holdings, merval index, cavallo said, bansud",1963,2000-01,2021-11,59,62
62,"pfc manning, mr bulger, maj hasan, khobragade, mr valle, mr pistorius, skakel, mr sandusky, dorner, adebolajo, bulger, pistorius, mr tsarnaev, kloppenburg, ms steenkamp",4567,2000-01,2015-02,74,106
63,"speizer, gmt australian, ordinaries index, imre speizer, 2023 bond, ordinaries, april 2023, rba, heavyweight news, gmt new, chris hunter, rba cut, waterer, said kiwi, tim waterer",1747,2000-01,2015-02,54,67
64,"exchange weighted, zealand nzx, nt nt, points screen, poly real, taiwan taiex, screen trade, cents nt, rosalind mathieson, 50 nt, gained nt, nzx 50, india sensex, taiex, tracks class",5245,2000-01,2018-05,142,152
65,"brussels shares, bel 20, belgian shares, euros brussels, real software, euros fortis, colruyt, leading belgian, fortis rose, telindus, miniere, tessenderlo, fortis fell, barco, euros real",343,2000-01,2001-04,16,16
66,"venture manufacturing, lg card, singapore shares, unchanged volume, natsteel, established stores, natsteel electronics, datacraft asia, datacraft, haggen, wing lung, ascott, dbs land, omni industries, singapore cents",4632,2000-01,2021-08,99,102
67,"300 composite, mcas, stock groups, bombardier class, exchange 300, mr brégier, juniac, company celestica, 777x, toronto stocks, mr muilenburg, cseries, york indexes, a320neo, stall prevention",4949,2000-01,2021-08,118,123
68,"mr rusnak, mr jospin, mr stoiber, rpr, border serbia, stoiber, mr haider, obr, rusnak, davutoglu, mr faymann, mr davutoglu, mr clegg, jospin, gruevski",2374,2000-01,2016-10,60,67
69,"sk global, bupyong, bank lippo, daewoo motor, lg caltex, ibra, hyundai investment, hanbo, korean creditors, dong ah, prachai, tokyo style, hyundai engineering, chohung, mr prachai",1783,2000-01,2016-10,55,58
70,"mr grinstein, mr muilenburg, mcas, atsb, comair, max jets, ms druyun, buttrick, a3xx, sabena, mr arpey, alpa, carty said, muilenburg, mr carty",5205,2000-01,2021-11,117,138
71,"broeksmit, mr steffens, uam, lactalis, wesley jessen, medical manager, bfgoodrich, mr minder, safety kleen, inprise, healtheon, electronic chat, fca, ms barad, capital automotive",1313,2000-01,2014-12,33,39
72,"brl2, trading brl2, prebon factset, real exited, brl1, bellwether telefonos, pesos mexico, according tullett, exited active, zar8, centavos, mxn12, pln4, telmex class, reverse swap",1572,2000-01,2018-09,43,56
73,"bond 000, continuing unemployment, york treasurys, claims drawn, drawn workers, continuing claims, outperformed treasurys, bradley holcomb, week lag, claims proxy, zeltzer, adp report, dena aubin, anthony nieves, proxy layoffs",6361,2000-01,2017-09,180,200
74,"rupiah shares, 150 rupiah, indonesia shares, 25 rupiah, operator indosat, 50 rupiah, 250 rupiah, gudang garam, rupiah jakarta, garam, mr wahid, hm sampoerna, gudang, tun daim, 100 rupiah",1022,2000-01,2009-05,33,36
75,"xetra 30, dax xetra, ase composite, index sectors, subindex led, decliners london, cents quoted, gainers london, 600 largest, jones euro, joined single, french cac, technologies ifnny, national indexes, thursday pound",6779,2000-01,2018-12,207,210
76,"send reprint, reprint requests, 1950 1999, 800 635, 33 orders, collection best, orders 33, 8349, order 800, pepper salt, edward dempsey, journal portfolio, 1999 order, requests wall, reprint",53,2000-01,2000-04,3,3
77,"mr santorum, ben veniste, veniste, mr lindh, mr akin, hopeful stands, mr pickard, mr paladino, mr barak, ms bachmann, mr mourdock, mr riduan, tanzanite, pdb, amrozi",6767,2000-01,2017-01,108,168
78,"securities coupons, mae 30, york mortgage, outperformed treasurys, ibuying, current coupon, treasurys 32, coupons outperformed, ginnie maes, securities outperformed, ibuyers, prepayment risks, hedge ratios, refinancing index, coupon mortgage",1297,2000-01,2021-12,42,49
79,"madrid shares, cantabrico, euros madrid, index spain, mr villalonga, title 42, euros telefonica, mr vizcarra, euros banco, gonzález anaya, remain mexico, migrant protection, mr mesa, telefonica internet, ureta",1531,2000-01,2021-10,60,60
80,"mr haftar, mr netanyahu, mr gantz, hodeidah, unrwa, gen soleimani, houthis, soleimani, idlib, mr khashoggi, manbij, gantz, mr zarif, netanyahu government, haftar",4144,2000-01,2021-04,92,110
81,"telmex tmx, tsx 60, pesos shares, pesos class, 10 reals, 35 traded, toronto 10, reals sao, 00 reals, mexico wmmvy, 50 reals, 80 reals, reals shares, cpo shares, 60 reals",1693,2000-01,2008-04,73,73
82,"proview, tizen, mr elop, tweber, elop, lumia, galaxy iii, z10, wap phones, wap, mosaid, mr damore, blackberry 10, ultrabooks, galaxy s5",4397,2000-01,2017-08,83,95
83,"trial modifications, pcx, taylor bean, hamp, naca, treasury indexed, option arms, fha, indexed arms, 729 750, nothaft, indexed hybrid, charged prepaid, ms costa, mortgages averaged",2821,2000-01,2015-03,85,95
84,"divorce deal, brexit party, obr, tweber, brexit deal, kara response, mr weale, deal brexit, delay brexit, brexit plan, 2016 referendum, anti brexit, hard border, pro brexit, paternot",4914,2000-01,2020-11,128,144
85,"jones shanghai, china 88, shanghai class, shenzhen counterpart, shenzhen index, 88 index, jones china, shenzhen class, zhejiang southeast, guangdong electric, shanghai share, shanghai index, counterpart gained, technically reserved, counterpart added",491,2000-01,2012-12,18,18
86,"americas sector, 300 composite, americas markets, concerns laggards, movil class, bellwether telefonos, merval index, companc, perez companc, exchange 300, key ipc, reals oil, acindar, main bovespa, merval",2127,2000-01,2021-07,72,79
87,"lennard, future intermediate, mayall, mr komansky, sumption, mr pallotta, ms callan, komansky, verey, mr gutfreund, fisker, texas competitive, mr wheat, mr pasternak, csfbdirect",1186,2000-01,2014-08,33,38
88,"otteau, indexed arms, treasury indexed, landsource, nothaft, indexed hybrid, nothaft freddie, tomnitz, mr toll, miller appraiser, frank nothaft, billings index, citi habitats, shadow inventory, seiders",6014,2000-01,2021-12,162,177
89,"mr varsavsky, yazam, varsavsky, tweber, catcha, mr mabry, sir win, mr biver, sherborne, kara response, ggp, mr buettner, kiron, dell ventures, gazoontite",1830,2000-01,2019-04,63,64
90,"mr flanigan, mose, montesinos, mr montesinos, chavez supporters, mr madrazo, anti chavez, batasuna, mr toledo, mr pastrana, cafta, mr aristide, mr valencia, crider, pastrana",1161,2000-01,2019-11,45,45
91,"gramm senator, pin debit, mr chairman, navarrette, cendant mortgage, usa education, fm watch, irb, boli, accelerating productivity, taylor rule, senator sarbanes, wealth affect, wealth effect, greenspan think",186,2000-01,2007-01,10,10
92,"mr lorello, syncor, dr moon, outlier payments, lorello, mr barbakow, redding medical, gillings, guidant, barbakow, healtheon webmd, quintiles, healtheon, webmd, guidant shareholders",128,2000-01,2005-12,6,6
93,"mr pistorius, rahami, mr roof, etan, mr rahami, mr tsarnaev, mr farook, slager, bratton said, mateen, ms steenkamp, pantaleo, farook, ms bland, mr bratton",5316,2000-01,2020-08,92,116
94,"ms miers, ms rhee, judge alito, mr walcott, judge roberts, parent trigger, person instruction, walcott, uft, mr bobb, remote learning, miers, walcott said, person learning, nclb",4777,2000-01,2021-11,129,136
95,"brien bob, bob new, contracts gained, unchanged nyse, exchange semiconductor, tech 35, nasdaq software, outstanding gained, traded briskly, write robert, nasdaq lehman, issues advancing, hands bonds, defensive puts, nasdaq chip",5839,2000-01,2017-12,147,194
96,"baa1 bbb, yield margin, degrees source, moinian, global notes, moody single, chase salomon, 144a debt, piece priced, minskoff, mr moinian, rated baa1, citi habitats, knakal, massey knakal",3794,2000-01,2018-07,110,117
97,"mr moinian, degrees source, moinian, sauvignon blanc, pinot gris, dottie, royal ballet, chardonnays, syrah, chenin, sancerre, sauternes, sauvignon, mr schron, chenin blanc",5318,2000-02,2020-10,102,111
98,"xxxx, ms english, pii, jul, tweber, pro financial, toysmart, network advertisers, seisint, choicepoint, mr steinhafel, rasch, carnivore, phishers, bidder edge",980,2000-02,2021-12,32,35
99,"kohlhaussen, mr fahrholz, fahrholz, bbg, mr barnevik, ojjeh, gigabell, franzia, bgb, barnevik, mr ebner, pzu, azeo, delhaize america, ipb",1915,2000-02,2016-02,42,48
100,"ansett, cathay pilots, aircrew officers, ms seth, dragonair, kong aircrew, john findlay, fifth freedom, deutsche ba, bintan, jal, mr eddington, betapharm, parsi, optical films",738,2000-02,2013-02,26,27
101,"icb, metaverse, rayford, prosus, spac, archegos, nbnk, intertainer, mr horta, nft, breit, nfts, horta osório, spacs, owl rock",2614,2000-02,2021-12,72,76
102,"mr hazare, champlain towers, hazare, alamoudi, lokpal, surfside, towers south, tazreen, scomi, jirga, loya jirga, leyte, rana plaza, kalam, mr vajpayee",1400,2000-03,2021-07,46,49
103,"pacific dunlop, van vijver, ms boynton, vijver, sir philip, conectiv, overbookings, ultramar, fletcher challenge, ormen lange, ormen, reichstul, rgs energy, fording, luscar",480,2000-03,2017-07,18,18
104,"mr ailes, mrs graham, mr pecker, willes, ailes, mr genachowski, genachowski, mr salmi, ms berner, connected nation, com barnesandnoble, times mirror, bookstar, fiction bestselling, equivalent median",414,2000-03,2013-10,19,19
105,"southcorp, eric molson, mr daft, molson shareholders, agribrands, wine alcohol, sobe, mr enrico, ambev, mr reinemund, enrico said, molson, femsa cerveza, inbev offer, ibp",894,2000-03,2019-06,36,36
106,"eckhaus, webb report, mr geoghegan, mr nakasone, mr weldon, georgine, mr arnott, mr georgine, mr kilts, compensation 2011, mr stockert, 2012 compensation, ullico, mr ranieri, staggered boards",359,2000-04,2013-03,15,15
107,"houk, drm, mr cruise, mr legend, drm free, inno, photobucket, gracenote, ms margolis, ilm, ubo, family package, mehri, tunecore, entercom",630,2000-04,2008-01,20,22
108,"sondland, mr sondland, strzok, vindman, mr manafort, debaltseve, yovanovitch, ms clifford, mariupol, mueller office, mr zelensky, mr poroshenko, mr corsi, fusion gps, zelensky",4438,2000-04,2021-12,89,107
109,"ameriserve, mr lenny, hillshire, dybeck happe, mr hees, mr engles, mr laguarta, bestfoods, mr schulze, dybeck, hershey trust, mr isdell, mr demos, mr steinhafel, tinplate",4535,2000-04,2021-12,107,120
110,"norvir, biosite, speedel, prexige, aliskiren, wellchoice, aranesp, symbion, omnicare, neighborcare, alpharma, vonovia, terraform, kaletra, le fur",840,2000-04,2016-06,31,32
111,"sars patients, thiopental, multaq, qnexa, sars cases, gilenya, benlysta, lorcaserin, doxil, sars symptoms, pradaxa, cases sars, orexigen, stohr, contrave",3478,2000-04,2019-12,70,77
112,"nakheel, mr sanea, sanea, exposure dubai, dubai world, sukuk, alinghi, investment organizations, dubai debt, arabtec, month standstill, unit nakheel, creditors dubai, nasdaq dubai, adia",328,2000-04,2014-09,12,12
113,"mr capriles, capriles, baduel, zuluaga, cnte, pérez molina, mr maduro, iguala, mr chávez, ms betancourt, scioli, ms machado, unasur, mr coke, mr scioli",2584,2000-05,2020-11,86,92
114,"uka, mr luzhkov, luzhkov, amenas, belmokhtar, pfc manning, ms tymoshenko, aqim, mr lukashenko, mr khodorkovsky, mr karim, domodedovo, lovelady, tymoshenko, mr assange",312,2000-05,2013-01,11,11
115,"mr ovitz, ovitz, messrs disney, mr disney, snl kagan, mr lasseter, disney gold, mr seacrest, ms hennessy, terrestar, lorre, dauman said, starz, georgetown del, mr litvack",3249,2000-05,2013-09,88,89
116,"wpp stock, bleustein blanchet, badinter, negotiations wpp, deal wpp, blanchet, young rubicam, rubicam, bleustein, individual close, wpp according, thomas bell, media edge, wpp american, fallon mcelligott",16,2000-05,2000-05,1,1
117,"canel, díaz canel, paya, ftaa, raúl castro, jara, arche, dr butler, ms vidal, president raúl, cuban people, nisman, mr nisman, cuba list, havana washington",358,2000-05,2021-07,15,15
118,"lescure, mr lescure, mr messier, vivendi environment, fourtou, mr fourtou, dehecq, telepiu, mr dehecq, hannezo, bronfmans, media utility, mr bebear, vivendi new, french directors",352,2000-06,2004-04,14,14
119,"mr roh, stolt, sinuiju, dae jung, kim dae, pntr, sunshine policy, roh, jung sunshine, il government, nmd, dae, yongbyon, daesong, herbold",881,2000-06,2015-03,33,33
120,"red baron, elderhostel, hanneman, mr niemeyer, mr sopko, ms hadid, prettyman, lanai, kundig, greengard, turrell, carnarvon, mr balazs, airstream, clarissa",414,2000-06,2019-07,17,17
121,"toysmart, steadier measure, claims proxy, fiddelke, proxy layoffs, curtin survey, fiore said, poloz, mr herkert, mr fiore, economist amherst, mr poloz, weinsteins, herkert, valuation capital",1774,2000-06,2021-07,57,68
122,"nozoe, hokuetsu, ircj, mr shirakawa, azumi, akito, mr azumi, akito fukunaga, jgb, gov masaaki, jgbs, shirakawa said, dpj, azumi said, mr noda",5613,2000-07,2020-08,144,186
123,"bone meal, kuenast, bio rad, starlink, duis, starlink corn, snow brand, prions, meat bone, cow crisis, cjd, cases bse, jakob disease, scrapie, brain wasting",221,2000-07,2019-01,8,8
124,"wachovia board, seritage, marble ridge, mr marron, captec, mytheresa, bid wachovia, mattress firm, sears bankruptcy, union wachovia, dr soon, mr lampert, new sears, judge strine, ms tilton",1174,2000-07,2020-06,36,44
125,"nortel corning, optical parts, sdl, alteon, optical components, jds, bookham, nortel optical, kedersha, corning deal, tek, optic components, nortel president, nortel, nortel lucent",15,2000-07,2000-07,1,1
126,"manesar, etios, hero motocorp, motocorp, wheeler maker, kaizaki, maruti, tvs motor, suzuki india, unit suzuki, maruti suzuki, hero honda, kirloskar, tread separation, delhi maruti",858,2000-08,2013-03,29,32
127,"floodway, lipa, coast live, mr lhota, sandy happened, pg edison, distributed generation, nycha, mr carrión, 29 storm, rtos, city commute, lhota, hurricanes tropical, mr kelling",1394,2000-08,2019-01,34,36
128,"mr youngkin, ms tanden, mr linick, linick, youngkin, mulcaire, dowler, pagliano, myler, raffensperger, leveson, tanden, world editor, milly dowler, mr crone",1870,2000-08,2021-12,57,58
129,"waxman markey, mr blakeslee, endangerment finding, skirball, cuadrilla, uscap, warming emissions, intriago, hurricane florence, mountaintop mining, fort mcmurray, track area, notley, administrator lisa, gold king",2953,2000-08,2021-12,82,89
130,"mr haffa, haffa, saikawa, mr saikawa, xinmao, em tv, draka, gevrey, pélata, quinsa, mr ghosn, castorama, rochette, mr holtrop, saikawa said",490,2000-08,2018-12,15,16
131,"samaranch, potro, del potro, kinzler, iqaluit, entine, usada, mr clapp, lochte, federer, g4s, sydney games, alessandri, ioc, kookaburra",272,2000-09,2013-02,9,9
132,"mr morsi, mr abdulmutallab, maj hasan, noordin, pro gadhafi, ajdabiya, mr samak, cambone, opcw, mr kostunica, col gadhafi, council armed, shafiq, mr blix, mr arafat",7415,2000-09,2014-10,117,177
133,"mr shahzad, mr zazi, zazi, mr breivik, mr megrahi, shahzad, cromitie, mr abdulmutallab, megrahi, mr ghailani, ms larose, polanski, breivik, ivins, ghailani",767,2000-09,2012-04,19,21
134,"ms druyun, druyun, mr stonecipher, depleted uranium, sbirs, presevo, mr sears, nmd, stonecipher, abm treaty, national missile, stonecipher said, 7e7, darleen druyun, darleen",334,2000-09,2005-03,11,14
135,"singson, mr estrada, kaisa, ilocos, bakries, bumi plc, pro estrada, bakrie group, velarde, ms arroyo, cainiao, erap, didi kuaidi, kaisa said, estrada supporters",1069,2000-10,2017-07,39,39
136,"csce, peanut corp, aqsiq, infected cow, auriongold, futures cancel, cocoa exchange, cancel previous, preplaced purchase, speculative commodity, canadian beef, ann prendergast, sick cow, soft wheat, victor lespinasse",983,2000-10,2012-11,40,40
137,"org mckinsey, leanin, leanin org, mr beales, ms hobart, mr davidge, davidge, goguen, multiverse, mrs wright, north lawndale, mckinsey leanin, right ear, chatbots, low tar",427,2000-10,2021-11,18,18
138,"appointment brings, mr cantalupo, officer provider, brings board, mr mandl, mr loose, cantalupo, mr cotsakos, services succeeds, gemplus, ms fudge, mr heekin, mr mansueto, appointment increases, 42 named",1700,2000-12,2007-10,33,33
139,"perchlorate, tongass, elsam, mr vollmer, aerojet, topcon, perc, yugansk, mr gover, baiji, premcor, vollmer, cosl, hfc 23, ppb",1276,2000-12,2014-06,42,42
140,"harbor school, ms byrd, sparknotes, newdow, fsu, sat ii, arming america, park51, cardinal ratzinger, feisal abdul, abdul rauf, mr neas, ms bridges, lsat, rauf",2048,2000-12,2018-03,48,53
141,"mr jeffords, boehner plan, jeffords, bowles simpson, jacoboni, mr jacoboni, rossotti, budget conference, ryan budget, mr pawlenty, fiscal commission, medicare surplus, mr breaux, mr camp, tigta",3508,2000-12,2016-08,64,81
142,"bonlat, mr tonna, nasdaq ice, mr tanzi, tonna, zini, mr colaninno, montedison, parmatour, mr laplanche, tanzi, laplanche, bodek, cirio, ice nasdaq",2863,2000-12,2020-02,77,83
143,"mr gokongwei, gokongwei, cao singapore, nontradable shares, prachai, link reit, mr prachai, sinopec engineering, nontradable, qdii, pboc, mr pangilinan, shui land, yingde, pldt",5020,2000-12,2017-03,99,111
144,"crop tour, cop26, opec plus, global gauge, bushels acre, cocoa delivery, ørsted, cutrale, precision planting, pro farmer, juice delivery, farmland values, unica said, cotton delivery, guar",3962,2001-01,2021-11,100,103
145,"portability rules, zire, gorshkov, number portability, asn, answered mossberg, select answered, ab inbev, mr carmack, send select, wireless number, mr hamidi, wherify, tele ring, mailbox just",1770,2001-01,2016-06,38,44
146,"gruttadauria, mr chauvin, mr rittenhouse, mr faneuil, arbery, dr waksal, mr bacanovic, mr belnick, mr keker, chauvin, belnick, bacanovic, prue, faneuil, sicknick",2903,2001-01,2021-12,61,77
147,"mr rouhani, free syrian, ennahda, mr zarif, syrian army, mortazavi, p5, zarif, alawite, tlass, irisl, rouhani, coordination committees, hasan rouhani, baba amr",2464,2001-01,2016-08,72,77
148,"ecevit, ucweb, disinflation program, 000 lira, float lira, mr reinfeldt, bulent ecevit, president ahmet, mr ecevit, sezer, ahmet necdet, necdet sezer, reinfeldt, onetouch, minister bulent",199,2001-02,2014-12,11,11
149,"em tv, quibi, haffa, mr haffa, mr lores, mr blevins, lores, mr krishna, kirch, tchibo, mr kirch, hybrid cloud, erb, mr ecclestone, kirch group",933,2001-02,2021-10,29,29
150,"hp enterprise, hq2, venntel, micro focus, depauw, iob, demandware, wsjdlive, hollar, hpe, tiktok, appdynamics, adblock plus, ms zhong, crystal city",1063,2001-03,2020-07,32,32
151,"mr jassy, kammerer, jassy, higashi, vierra, machell, mr pinedo, iits, mr senk, ms handler, florsheim, chat email, mr saligram, lowther, saligram",446,2001-03,2021-07,15,15
152,"mr bonsignore, mr guindos, bankia, mr bossidy, cajasur, mr rajoy, guindos, bonsignore, cospedal, mr mattarella, frob, guindos said, fernández ordóñez, spanish treasury, sareb",1698,2001-04,2018-10,53,57
153,"gov palin, superdelegates, mr huckabee, mr bustamante, sen obama, rev wright, pledged delegates, solis doyle, mr torricelli, mrs palin, sen clinton, cruz bustamante, mr wellstone, rezko, delegates sen",3413,2001-04,2016-03,54,73
154,"flooz, teligent, beenz, mr mandl, excite home, covad, promethean, phenix, mr phanstiel, mandl, winstar, phanstiel, metricom, jass, infonet",75,2001-04,2001-10,3,3
155,"covers main, main talking, efsf, mr papandreou, mr sócrates, singapore hot, papaconstantinou, baskin assistant, americas dj, sócrates, mr papaconstantinou, assistant news, produced wall, events rattled, points 1100",4166,2001-04,2013-08,76,119
156,"mr hewlett, baskins, hp compaq, walter hewlett, mr delia, keyworth, hewlett said, hewlett son, pretexting, packard families, 11i, revocable trust, mr sonsini, mr hunsaker, joint proxy",420,2001-04,2006-10,12,13
157,"mr schacht, ms hopkins, schacht, nexans, mr tchuruk, tchuruk, lucent shareholders, alcatel shareholders, flowback, acquisition lucent, agere, mr colaninno, 360networks, buying lucent, lucent board",19,2001-05,2001-05,1,1
158,"gecas, ge honeywell, merger task, engines honeywell, honeywell ge, honeywell deal, ge offered, capital aviation, deal honeywell, nalebuff, ge engines, bid honeywell, acquire honeywell, mr monti, commission ge",37,2001-06,2001-06,1,1
159,"agbank, ncds, wmps, felda, felda global, nan shan, dipendra, huishan, hui xian, mapletree, hrh, pboc, resourcehouse, huaneng renewables, mapletree commercial",4741,2001-06,2021-01,119,129
160,"prasugrel, whi, acomplia, philidor, bidil, nsaids, resveratrol, arcoxia, prexige, reicin, pml, blood substitute, menopause hormones, took vioxx, tysabri",7943,2001-06,2016-04,95,113
161,"genoa, black block, mr scajola, gsf, social forum, scajola, ibarretxe, ulivo, seattle 1999, hih, genoese, antiglobalization movement, antiglobalization, kananaskis, zerzan",24,2001-07,2001-07,1,1
162,"morcellation, good column, mr federer, morcellator, morcellators, mr gonçalves, artest, column got, matteoli, castella, mr zidane, mr mcenroe, stoudemire, basal, pcos",668,2001-08,2019-06,29,29
163,"lorax, livewire, mr lutnick, mr lhota, defortuna, feil, mr feil, hgi, ms thornton, ms dale, asplund, lutnick, tower hit, ms bergquist, mr lemelson",739,2001-09,2014-05,10,12
164,"aereo, gaspin, mr freston, mr dauman, chandlers, stereotype threat, mr dolgen, mr leno, dolgen, freston, dauman, mr fitzsimons, mr mottola, dtv, mr gaspin",1256,2001-09,2013-05,36,38
165,"mr atta, shehhi, al shehhi, al fawwaz, jarrah, mr pearl, mr trabelsi, trabelsi, fawwaz, al arian, midhar, al midhar, suspected hijackers, atta, mr saeed",74,2001-09,2002-02,3,3
166,"judge kavanaugh, dr ford, judge gorsuch, kavanaugh nomination, progressive indexing, mr gorsuch, blasey, blasey ford, christine blasey, mr kavanaugh, judge garland, oath keepers, nominee brett, kavanaugh, kavanaugh confirmation",2530,2001-09,2021-12,61,71
167,"lightsquared, twe, clearwire, mr ergen, lte, mr matlin, metropcs, embarq, mr niel, lte network, mr colburn, genachowski, mr rukeyser, g1, proview",2924,2001-09,2017-11,75,80
168,"naked short, 799 financial, selling ban, short ratio, ban short, uptick rule, naked shorting, banned short, 50 hedge, short selling, sale ban, disclose short, shorting financial, nyse short, easier spread",115,2001-09,2008-10,4,5
169,"attacks london, london attacks, airways bab, volumes lse, fishkind, 7438, mr resler, shaking events, confidence shaking, ipix, madrid march, garthwaite, generated trading, bombings london, abadie",35,2001-09,2005-07,2,2
170,"ms kaur, mr pachauri, advanced cell, reproductive cloning, phil jones, ipcc, clonaid, dr venter, climatic research, dignitas, therapeutic cloning, pachauri, climategate, bio rad, thimerosal",1327,2001-11,2013-02,34,38
171,"uyghurs, mr lighthizer, ms tai, lighthizer, hypersonic missile, indo pacific, mr blinken, uyghur, mr kishida, laschet, blinken, trump xi, hypersonic, robert lighthizer, jinhua",2069,2001-12,2021-12,46,47
172,"enron argentina, harken, harken energy, washington enron, mr lay, sure excluded, poor sure, lay called, source review, excluded rate, help enron, integrated producers, excellent pretty, cheney task, rogich",106,2002-01,2002-07,2,2
173,"continues chairman, continue responsibilities, continues chief, officer provider, joins firm, brings board, continue director, reduces board, immediately position, named partner, named additional, succeeds founder, board stands, succeeds michael, joins company",1575,2002-01,2011-12,44,47
174,"westpoint, mr rogel, willamette, rogel, willamette board, mr galli, mr correll, georgia pacific, weyerhaeuser, correll, galli, gruntal, willamette industries, wilde analyst, pacific building",18,2002-01,2002-01,1,1
175,"mr kurer, tyco capital, kurer, eop, mr ospel, 108 135, travelcenters, mr kindle, mr rohner, ikb, advo, playboy interview, valassis, ospel, aigrain",992,2002-01,2012-03,29,31
176,"pixi, mr olofson, droid, scdma, td scdma, evo 4g, olofson, iad, mr genachowski, seec, genachowski, terrestar, sendo, ipcs, html5",2582,2002-02,2013-01,50,59
177,"mr arison, mr fain, intimate brands, princess shareholders, arison, fain, merger royal, pury, mr pury, rum brand, arison carnival, captain morgan, fain royal, share intimate, malibu rum",17,2002-02,2002-02,1,1
178,"mr sidgmore, sidgmore, mr minkow, mr edmondson, altran, mr ebbers, minkow, sidgmore said, 2002 worldcom, ebbers, john sidgmore, said worldcom, worldcom bonds, worldcom stock, brad burns",189,2002-02,2003-08,6,6
179,"ms temple, andersen partners, mr hardin, mr scrushy, judge bowdre, mr kopper, mr tesler, nancy temple, scrushy lawyers, scrushy, bowdre, mr royer, mr ebbers, andersen worldwide, case andersen",1336,2002-03,2008-07,21,25
180,"mr moïse, moïse, mr thaksin, gambari, lampang, sondhi, zarganar, maazel, gen sondhi, irrawaddy delta, mentawai, padang, artibonite, nargis, irrawaddy",465,2002-03,2021-07,18,19
181,"cheonan, occupy central, kaesong, scholarism, mong kok, tohti, mr tung, defense zone, adiz, federation students, yeonpyeong, mr ai, carrie lam, dr tedros, jong eun",3483,2002-03,2021-06,89,106
182,"gold struggles, compete yield, ton tin, ton lead, ounce platinum, klopfenstein, yield bearing, weigh gold, ounce palladium, pays holders, ira epstein, london spot, spot palladium, kitco metals, metals silver",4555,2002-04,2020-07,135,157
183,"mr baquet, matsuzaka, baquet, borowsky, esop, burkle broad, chandlers, elmasry, tribune stock, mr elmasry, wetlaufer, pcm, mr panic, pujols, ridder shares",167,2002-04,2007-04,7,7
184,"speedway motorsports, american golf, dogtown, international speedway, augusta national, carnival royal, motorsports, national golf, rawlings, speedway, south beach, skateboarders, baseball gloves, golf related, mr hawk",16,2002-04,2002-04,1,1
185,"judge sweet, mr malkin, mr plummer, asbestos reserves, lead paint, untereiner, mr specter, billion asbestos, presence lead, payroll health, mr heyman, combustion engineering, mrs helmsley, exposure asbestos, insurers asbestos",65,2002-04,2006-02,4,4
186,"trip trading, trip trades, mr belden, daukoru, edmund daukoru, marketwatch reports, southern delta, subscription required, energy news, ft reports, kidnapped foreign, mandil, reliant resources, prudhoe, southern nigeria",1879,2002-05,2007-01,43,49
187,"lubitz, flight 370, réunion, flight 8501, search zone, hishammuddin, flight 17, mr smisek, flight 9525, 8501, smisek, underwater search, missing flight, germanwings, java sea",2137,2002-05,2015-08,46,50
188,"mr fortuyn, ukip, fortuyn, samsom, clacton, mr farage, mr miliband, mr juncker, ms sturgeon, lib dems, farage, fortuyn party, fortuyn list, snp, mr rutte",320,2002-05,2020-12,11,11
189,"taxable nongovernment, nongovernment funds, mr goldschmid, taxable government, mr pitt, estimated inflows, dexion, herdman, goldschmid, wace, red kite, zwirn, absolute capital, mcpheeters, jabre",2426,2002-05,2016-11,65,71
190,"dr waksal, cryolife, waksal, mr bacanovic, bacanovic, mr faneuil, harlan waksal, mr waksal, samuel waksal, imclone stock, imclone, stewart broker, faneuil, digene, cel",43,2002-06,2002-06,1,1
191,"colgan, trent 900, flight 3407, commuter airlines, randy babbitt, bird strikes, q400, colgan air, babbitt said, commuter airline, 900 engines, mr babbitt, commuter pilots, pitot, ms hersman",793,2002-07,2016-02,25,27
192,"vicuña, mr groom, mr slatkin, mr arenas, neopets, mcbee, perse, chablis, starbev, loro piana, mr freda, galderma, facchinetti, mr polet, slatkin",1965,2002-07,2014-12,57,59
193,"prepa, eisentrager, judge luttig, rosselló, storm harvey, custer battles, rosselló said, addicks, harvey landfall, gen hayden, olc, gov rosselló, brown convention, hurricane irma, neonics",976,2002-07,2017-11,29,31
194,"expensing options, mr scoble, options expensed, scoble, expense options, expensing stock, mr ballmer, options expense, microsoft options, mr conn, mr connors, expensing, start expensing, begin expensing, connors says",100,2002-07,2004-07,4,4
195,"kendo, grape nuts, hair cells, chabon, prompters, predestination, ms mellon, dojo, mr mclemore, trolli, borel, stirrups, mr kubo, artest, mr gunderson",411,2002-08,2009-12,9,9
196,"ypg, manbij, ghouta, saipov, afrin, hasakah, deir ezzour, ezzour, mr riduan, mistura, mr mistura, eastern ghouta, zarrab, houthis, mr abadi",3510,2002-08,2019-12,69,81
197,"eligible banks, fed repo, cash collateralized, noreika, repo operations, interventions treasury, kocherlakota, mr kocherlakota, otting, repo operation, sofr, mr otting, effectively short, offered fed, loan central",2986,2002-08,2020-03,94,106
198,"vindman, uhlig, mr lamm, mr loury, mr esper, mr walrond, walrond, cooling towers, lilburn, march capitol, esper, loury, capitol police, legionnaires disease, events charlottesville",513,2002-09,2021-01,11,13
199,"eephillips_wsj follow, eephillips_wsj, brianjbaskin, team brianjbaskin, paulpage follow, follow paulpage, entire wsj, follow entire, subscribe email, wsj logistics, logistics report, page deputy, american shipper, wsj costas, click subscribe",1703,2002-10,2021-12,48,53
200,"allows wealth, column allows, advisory community, voices occasional, issues advisory, reached 212, managers address, mr weschler, spousal benefit, adviser page, visit wealth, file suspend, occasional column, 2056, decanting",2076,2002-10,2016-05,58,62
201,"index nonfinancial, flitter, nonfinancial stocks, nasdaq reporting, shares advancers, shares decliners, stanley high, nasdaq despite, tech index, volume nasdaq, outpaced advancers, advancers outpaced, nasdaq posting, nasdaq quarter, decliners outpaced",1531,2002-10,2008-03,45,50
202,"receive routinely, receive select, select week, mail consult, routinely answer, mr imus, sobig, mydoom, consult individual, problems purchasing, individual questions, previous spam, answer column, plaxo, mr wyler",4335,2002-12,2021-03,83,92
203,"jammal, purpose attack, attack surveillance, purchased shelf, farook, mr farook, nsl, wilson wife, ms plame, usis, mr felt, adm rogers, mr libby, asiasat, kyle sampson",1497,2003-01,2021-01,51,52
204,"bid safeway, sainsbury asda, safeway plc, morrison bid, mr lapthorne, sainsbury wal, asda, william morrison, mart asda, lapthorne, sainsbury, safeway shareholders, safeway, said safeway, morrison supermarkets",20,2003-01,2003-01,1,1
205,"amantadine, dr butler, mr lobb, tamiflu, infected poultry, h5n1, north general, h5n1 virus, vaxgen, human pandemic, rinderpest, fuzeon, deadly h5n1, mr listwin, dr sinclair",558,2003-02,2019-10,17,17
206,"tianqi, bytedance, tiktok, tiktok operations, sqm, hikvision, tiktok said, huawei equipment, huawei gear, gehman, amsc, 5g, components huawei, ralls, mr pichai",530,2003-02,2020-09,20,20
207,"sgt bergdahl, bergdahl, reserve center, weahkee, adm weahkee, ms druyun, graner, ms miner, druyun, mr bergdahl, khatallah, bergdahl release, ms verma, sgt bowe, barghouti",695,2003-02,2019-12,16,18
208,"messrs esrey, esrey lemay, esrey, mr esrey, sprint executives, lemay, sprint stock, mr lemay, ronald lemay, jacoboni, used sprint, william esrey, forsee, mr forsee, sprint case",15,2003-02,2003-02,1,1
209,"peirano, foodservice, promotional allowances, der hoeven, supplier rebates, vendor rebates, pya, pya monarch, meurs, nash finch, ruiter, ahold, foodservice unit, cees van, irregularities foodservice",32,2003-02,2003-03,2,2
210,"bond requirement, tobacco bonds, bonding requirement, mr camilleri, nicholas byron, appeal bond, fielding said, light cigarettes, ordered philip, morris usa, camilleri, bond order, 1998 tobacco, rating altria, ordered bond",26,2003-04,2003-04,1,1
211,"google cn, green dam, htin kyaw, htin, lulzsec, stop censoring, spratlys, peoplesoft customers, unclos, adm harris, peoplesoft edwards, peoplesoft products, mr thae, jinhui, peoplesoft board",1278,2003-06,2016-12,41,43
212,"mr wasendorf, mr martoma, wasendorf, mr tourre, martoma, dr gilman, mr giddens, rengan, mr rajaratnam, giddens, dr mcguire, mr horvath, tourre, rengan rajaratnam, artajo",3874,2003-06,2020-02,74,82
213,"kobani, qusayr, houthis, mr mousavi, mr hadi, ypg, mr abadi, aqap, nusra, peshmerga, mr aristide, druse, mosul dam, abedi, mousavi",3481,2003-07,2020-06,80,99
214,"ms kagan, mayoral control, thompkins, mr blasio, blasio aides, mr blagojevich, rental payment, mr percoco, mr heastie, mr mone, chief neill, heastie, blasio administration, percoco, viverito",1639,2003-08,2021-08,46,54
215,"aduhelm, covax, remdesivir, employees vaccinated, hydroxychloroquine, walensky, hopkins data, mrna, mrna vaccines, biontech, fully vaccinated, pfizer biontech, sinovac, convalescent plasma, biontech vaccine",2711,2003-08,2021-12,41,59
216,"mr rajaratnam, chiesi, mr tourre, pemgroup, mr merkin, tourre, mr aleynikov, mr dipascali, aleynikov, dipascali, rajaratnam lawyers, mr picard, longueuil, rajaratnam, expert network",5870,2003-09,2021-12,101,127
217,"ilike, brightcove, posted periodically, select week, receive routinely, receive select, chacha, unreliable personal, computers everybody, confusing unpredictable, item confusing, windows mac, shipmatrix, routinely answer, bit readability",2053,2003-09,2021-05,56,59
218,"gst tax, romneys, fbar, amt, buffett rule, amt relief, office deduction, generation skipping, wyly family, itemized deductions, grat, stives, medicare surtax, mr stives, wylys",664,2003-10,2014-06,25,26
219,"mr buttiglione, transdniester, klebnikov, buttiglione, sibiu, mr gaymard, mr barroso, hawe, eu superpower, gotovina, mr klebnikov, gaymard, rejection constitution, ebadi, medgyessy",769,2003-10,2008-03,22,22
220,"lord black, hollinger international, mr esser, hollinger, ravelston, schulte hillen, hollinger board, mr radler, radler, payments lord, executives hollinger, black controls, hillen, controls hollinger, unauthorized payments",45,2003-11,2004-01,2,2
221,"hp enterprise, opteron, weisler, pleo, xps, icapital, issi, robinhood, dual core, ftx, itanium, memx, mr kurian, spac, mr nadella",2909,2003-12,2021-08,83,86
222,"verified stories, does vouch, wires web, crore, stories does, indian newspapers, source reuters, roundup news, ril, source indian, financial express, journal verified, 000 crore, maytas, source times",1182,2004-01,2011-11,33,37
223,"stock cnx, rupees gainers, cnx nifty, sensex trade, total traded, volume bse, rupees reliance, jones technical, rupees icici, lavasa, rupees tata, rupees hdfc, nifty rose, producer sterlite, choksey",2657,2004-02,2015-10,58,77
224,"mr puigdemont, puigdemont, 2015 spain, mr seehofer, independent catalonia, seehofer, yarkas, mr rajoy, maassen, carles puigdemont, journal comparison, mr zapatero, catalan leaders, mr aznar, source eurostat",240,2004-03,2018-09,8,8
225,"mr surkov, yugansk, mr navalny, ms tymoshenko, mr yanukovych, mr bakiyev, slovyansk, bakiyev, surkov, mr khodorkovsky, mr berezovsky, otunbayeva, tatars, tymoshenko, navalny",4217,2004-04,2021-07,110,137
226,"cadbury shareholders, kraft cadbury, cadbury shares, offer cadbury, kraft offer, stitzer, mr stitzer, bid cadbury, cadbury share, kraft bid, 745 pence, vegemite, cadbury hershey, hershey trust, new kraft",223,2004-04,2010-01,8,8
227,"custer battles, mr karzai, gen allen, iraqi children, saddamists, mccary, governorates, ms broadwell, mr petraeus, sciri, kabul bank, iraqi alliance, mr jaafari, mr self, pattiz",3618,2004-06,2016-07,71,80
228,"microcephaly, dr spencer, ms vinson, ebola patients, zmapp, diagnosed ebola, hickox, brantly, cases zika, jallah, zika, ebola patient, wynwood, infected zika, aegypti",721,2004-07,2016-09,15,20
229,"sarrazin, mr klaus, lisbon treaty, mr bouteflika, passos coelho, mr passos, mr zu, mr carstens, bouteflika, mr ganley, ganley, mr prayuth, mr manuel, cavaco, cavaco silva",517,2004-08,2019-04,21,22
230,"coastal mississippi, industrial canal, gov blanco, nagin said, bernard parish, ken wells, ninth ward, southeast louisiana, mississippi coast, lake pontchartrain, mayor nagin, hurricane rita, pontchartrain, shmukler, evelina shmukler",633,2004-09,2007-04,9,18
231,"abdeslam, abaaoud, molenbeek, salah abdeslam, mr molins, mr yushchenko, mr amri, molins, pegida, akayev, molins said, al fawwaz, abdelhamid abaaoud, mr akayev, mr kuchma",2083,2004-09,2021-09,54,67
232,"stoudemire, joe girardi, sabathia, revis, granderson, terry collins, coach rex, girardi, mark teixeira, alderson said, tortorella, pettitte, johan santana, rex ryan, sandy alderson",4371,2004-09,2013-06,47,110
233,"mr latham, yasi, bligh, earthquake christchurch, cyclone yasi, anna bligh, premier anna, flooding queensland, christchurch, rockhampton, bligh said, toowoomba, queensland floods, mark latham, grand chancellor",125,2004-09,2011-03,5,5
234,"não, disse, disse que, seus, também, até, pela, seu, maior, sua, diz, anos, numa, mais, ações",579,2004-11,2005-08,10,10
235,"shorebank, rcs capital, jos bank, osisko, spin derivatives, ppip, nextshares, hope homeowners, mr macphee, american realty, mr schorsch, realty capital, zoopla, schorsch, men wearhouse",2809,2004-11,2019-10,60,76
236,"mr buttigieg, kantar cmag, ms tanden, raffensperger, buttigieg, hyde smith, actblue, mr raffensperger, nov oct, biden sanders, mayor pete, ms klobuchar, biden campaign, daca, ind mayor",5750,2004-11,2021-10,117,135
237,"banda aceh, ms wild, srilankan, khao lak, aceh, fistula, tro, tsunami victims, banda, tsunami relief, gari, acehnese, 26 tsunami, hit tsunami, lak",323,2004-12,2005-09,6,6
238,"today calendar, gmt followed, glance data, jul, data approximately, aus, 0030, index 1400, eia weekly, provisional trade, 0830, ska, 2350, uk oct, insurance weekly",498,2004-12,2015-07,21,24
239,"gpb, mr brockman, wirecard, kamensky, black cube, mr kamensky, dr conway, mimedx, mr avenatti, sacklers, greensill, unaoil, blackjewel, cfp board, parnas",1565,2004-12,2021-12,46,46
240,"cla, nclb, ms devos, mrs devos, mr hashemi, rahmatullah, success academy, yiannopoulos, fafsa, elgindy, 2u, hoxby, early admissions, naep, meru",1436,2005-01,2021-12,46,48
241,"3par, mr apotheker, arcsight, apotheker, hpq 44, ms fiorina, mr hurd, hpq 32, apotheker said, hurd departure, 3par par, autonomy software, hpq 30, ms fisher, hurd resigned",152,2005-02,2012-11,6,6
242,"qwest mci, mci board, mci shareholders, qwest offer, offer qwest, offer mci, verizon mci, notebaert, acquire mci, mci qwest, mci shares, mr notebaert, mci investors, deal mci, mci deal",91,2005-02,2005-05,4,4
243,"fiorani, mr letta, mr bersani, mr tronchetti, mr bossi, tronchetti, tronchetti provera, bersani, mr fini, mr grillo, luigi bersani, provera, popolare italiana, mr fazio, giammetti",955,2005-02,2017-01,37,40
244,"mr piëch, mr pischetsrieder, piëch, changfeng, mr zetsche, attrition program, mr lasorda, gm renault, tracinda, mr kerkorian, mr wagoner, mr mulally, swedish automobile, mr gettelfinger, lasorda said",814,2005-03,2011-10,16,17
245,"sfas, ofheo, special examination, mr falcon, directed fannie, gse portfolios, gses, journal entries, gse, fin 46, unilateral ability, limit portfolios, rajappa, mae accounting, gse debt",41,2005-04,2006-05,2,2
246,"diesel futures, rbob settled, blendstock, gasoline blendstock, blendstock rbob, benchmark gasoline, electronic session, barrel decrease, rbob, mcgillian, lipow, higher ice, gasoline contract, crude ice, barrels refinery",7905,2005-06,2021-07,154,192
247,"storagetek, mr donaldson, kilby, sihpol, cao singapore, kerkorian tender, builders stocks, klux klansman, hooters, donaldson sec, mr purcell, scrushy, niku, killen, mr sihpol",34,2005-06,2005-06,1,1
248,"yen operating, mr gelsinger, oneda, standards tokyo, tpv, yen revenue, panasonic electric, formfactor, kioxia, sony batteries, renesas, ohtsubo, oneda said, mr takashima, gelsinger",252,2005-06,2021-08,10,10
249,"public warehousing, blackwater, note bbc, goodling, news emailed, emailed subscribers, quotes day, sign mail, subscribers business, brief look, mr olmert, morning brief, acomplia, tell associated, column links",609,2005-07,2008-10,26,26
250,"eachnet, mallya, spicejet, kingfisher airlines, tai ping, mr mallya, tom online, flybe, jet airways, 532617, china yahoo, minister ajit, airasia, trust mart, telestra",528,2005-08,2013-03,20,23
251,"mr mirchandani, refco, milmoe, refco securities, refco capital, mirchandani, bawag, refco llc, refco regulated, naf, flowers group, refco futures, refco bankruptcy, owed refco, phillip bennett",272,2005-10,2009-02,9,10
252,"inflation chips, indirect bidding, larry milstein, trading pressprich, price yielding, giddis head, threat value, pressprich new, milstein head, note settled, cronin treasury, giddis, pressprich, tenders received, seattle davidson",8213,2005-10,2021-03,177,213
253,"rocklands, chinalco, grey wolf, mr kloppers, inco falconbridge, sinosteel, oz minerals, falconbridge, murchison, kloppers, indophil, ms gillard, resourcehouse, tinto employees, peabody offer",1098,2005-10,2015-03,32,32
254,"delphi bankruptcy, delphi uaw, delphi, delphi gm, says delphi, bbk, robert steve, delphi unions, packages 21, 65 hour, terminate pension, uaw, steel airlines, delphi largest, delphi workers",17,2005-10,2005-10,1,1
255,"mr cutifani, borse dubai, cutifani, mr sidhu, mr glasenberg, amplats, roy hill, noble agri, glasenberg, suez environment, port talbot, holdings ax, ax 17, stake omx, cutifani said",622,2005-11,2017-04,22,22
256,"bharucha, accreditors, 8chan, crusius, ms lightfoot, common core, mr blyth, fariña, cernich, renk, arnn, ms fariña, success academy, accreditor, lobster roll",1895,2005-11,2020-04,42,46
257,"mr brat, michelle nunn, mr rauner, mr recchia, mr astorino, mr braley, mr tillis, ms raimondo, orman, mrs ernst, ms hagan, braley, aca plans, astorino, lundergan",2074,2005-12,2019-11,42,50
258,"twx, kordestani, olafsson, warner board, mr bewkes, warner directors, oibda, warner management, bewkes, biondi, warner stock, lazard report, twc, frank biondi, radio shack",48,2005-12,2006-02,2,2
259,"wakeupwalmart, mart watch, ilc, mart application, mr mudd, mart bank, wakeupwalmart com, judge alito, greenspan letter, workers maryland, separation commerce, commerce banking, ilcs, paul blank, affiliate banks",18,2006-01,2006-01,1,1
260,"mr mordashov, mordashov, severstal deal, mr zaleski, dollé, verbund, arcelor shares, mr dollé, mittal shares, mittal bid, arcelor shareholders, arcelor board, arcelor, arcelor said, dofasco",84,2006-01,2006-06,4,4
261,"developments auto, political insight, tally companies, insight analysis, coverage auto, movements sign, lucky recent, look drugs, coverage spread, intraday stock, coverage chinese, tech developments, airlines news, news read, preventing pandemic",83,2006-01,2006-06,5,5
262,"dp world, doncasters, oriental steam, eller, peninsular oriental, steam navigation, based peninsular, dp, ssa marine, port security, dubai ports, ports deal, baltimore miami, terminal operations, navigation london",63,2006-02,2006-03,2,2
263,"suez gdf, bid suez, suez shareholders, suntech, mmg, proglio, turkana, electrabel, hold permits, mr proglio, ets, cirelli, mr aliyev, owned gaz, mr kallas",225,2006-02,2013-07,10,10
264,"mr mélenchon, mélenchon, en marche, trierweiler, mr bayrou, mr fillon, ms le, mr macron, bayrou, les républicains, républicains, le pen, mr hollande, mr ferrand, florange",551,2006-03,2020-01,23,23
265,"bo family, mr bo, cao singapore, wison, ms gu, mr heywood, 1mdb, petrosaudi, mr najib, close bo, dahlin, 1mdb said, chinawhys, ipic said, 1mdb fund",379,2006-03,2018-07,15,15
266,"waitz, mr lessin, mr maree, defective grantor, gebrselassie, shirey, slane, kanodia, susan thompson, lessin, maree, center discovery, raible, alicea, recent grants",430,2006-06,2013-05,20,20
267,"health catalyst, 0b, wework, mr neumann, livongo, gunningham, vision fund, softbank employees, alta mesa, iwg, oncor, wework parent, adam neumann, rpc, rgm",501,2006-08,2019-11,13,14
268,"mr gennette, mytheresa, gennette, gennette said, mr strawbridge, hydrox, poshmark, strawbridge, vpi, whp, glassdoor, tritton said, tanger, mr tritton, farfetch",665,2006-09,2021-03,19,20
269,"stern review, gomory, prof phelps, 1b program, stern report, mr phelps, 1b workers, edmund phelps, rodrik, self realization, cycle peak, 1b, mr blinder, hungarian revolution, ed glaeser",61,2006-10,2007-03,3,3
270,"reckson, mr okada, cotai, pokerstars, sands china, okada, rechler, tennenbaum, macklowe, bodog, tilt poker, empire online, mr bitar, melco crown, mr rechler",271,2006-11,2012-07,12,13
271,"ercot, verenex, kulluk, dno, knoc, armendariz, mr mcclendon, frade, black elk, tullow, petrohawk, chk 24, sustainable palm, mr ovshinsky, aar",1867,2006-11,2021-03,48,53
272,"mr grinstein, delta creditors, delta northwest, american airways, t5, smisek, nmb, airways bay, mr smisek, american creditors, combined airline, skybus, iata said, merger delta, rohwer",1667,2006-11,2013-08,41,45
273,"mr ossoff, mrs fiorina, neurosurgeon ben, trump cruz, nevertrump, pledged delegates, ms handel, mr kasich, cruz campaign, ossoff, sanders supporters, superdelegates, retired neurosurgeon, rubio campaign, mr gianforte",4892,2007-03,2021-01,76,95
274,"axa aph, symbion, aph, allco, mr diniz, trafford centre, abc learning, abn shareholders, diniz, homm, healthscope, mr groenink, absolute capital, allco finance, groenink",2000,2007-03,2017-02,54,61
275,"melkert, riza, mr wolfowitz, shaha riza, shaha, ms folsom, wolfowitz, package girlfriend, mr coll, board ethics, interests institution, wolfowitz bank, promotion package, mr malloch, fighting institution",103,2007-04,2007-10,4,4
276,"shoot note, comments shoot, entrepreneur com, ms pao, reading today, mentors say, miss today, today add, loan xpress, mashable com, note follow, com reading, mashable, furniss, brender",1235,2007-04,2015-06,35,37
277,"bancrofts, elefante, mr bancroft, mr brauchli, bancroft family, members bancroft, brauchli, jones voting, hemenway, jones board, michael elefante, zannino, bid dow, mr zannino, jones publications",594,2007-05,2017-06,24,24
278,"osisko, lionore, mr belda, yamana, osisko mining, barrick newmont, belda, rival alcan, alcoa alcan, roosen said, goldcorp, alcan shares, bid alcan, kellems, mr munk",47,2007-05,2014-04,2,2
279,"price gainers, com complete, list selling, selling strength, list markets, money list, largest inflow, decliners new, tracks stocks, largest outflow, buying weakness, list biggest, decliners nasdaq, midday buying, spdr trust",6340,2007-05,2012-11,64,178
280,"riversdale, baffinland, ntpc, ovl, coal blocks, icvl, mundra, knoc, cgnpc, nmdc, coal india, mundra port, mr chevalier, sesa goa, cairn india",917,2007-05,2013-08,24,26
281,"decheng, oz minerals, anshan, qingdao port, penglai, chinalco deal, steel development, chinalco, anshan iron, addax, commodity financing, collateral multiple, shanxi coal, metals stored, sadia",267,2007-06,2014-06,10,11
282,"ms maxwell, ms holmes, mr balwani, mr eisenman, judge davila, theranos, balwani, gpb, mr schenk, ghislaine maxwell, british socialite, mimedx, ms coronel, trupanion, theranos technology",214,2007-08,2021-12,9,9
283,"el faro, kincade, zarrab, mr zarrab, prepa, slahi, butte county, faro, hurricane joaquin, mr slahi, according cal, shut offs, pg equipment, mr halsey, kilauea",555,2007-08,2021-10,19,19
284,"manimbo, joe manimbo, dsb, esiner, esm, commonwealth foreign, esiner chief, basket 16, currency 16, serebriakov, omer esiner, measures buck, ukfi, manimbo senior, journal dollar",4347,2007-09,2020-03,120,131
285,"mr follieri, follieri, mr danielczyk, danielczyk, mr hsu, mr band, norman hsu, rosenman, raiser norman, hsu, hsu mr, grand junction, fieger, junction colo, bundlers",15,2007-09,2007-09,1,1
286,"mircera, biocon, mr viehbacher, cerezyme, fabrazyme, termeer, genzyme, viehbacher said, alemtuzumab, viehbacher, sun pharma, axicorp, cephalon, glenmark, estimates poll",699,2007-10,2015-10,24,24
287,"wga, amptp, mr verrone, worldwide pants, directors guild, verrone, writers guild, guild america, patric verrone, alliance motion, members writers, striking writers, writers strike, michael clayton, behalf studios",91,2007-11,2012-02,5,5
288,"mr kerviel, kerviel, siekaczek, csav, entra, ocirc kerviel, mr mustier, arriva, eacute ocirc, mr kurer, ocirc, mr bouton, mustier, rautaruukki, bouton",254,2008-01,2014-02,8,8
289,"saikawa, mr saikawa, mr nada, källenius, kirkhorn, cybertruck, tesla said, ivanpah, model 3s, senard, diess, mr musk, solyndra, lynk, tesla tsla",934,2008-01,2019-12,37,37
290,"cahuzac, mr cahuzac, lgt, ubs clients, llb, mr zumwinkel, liechtenstein bank, fbar, zumwinkel, rickenbach, treuhand, ubs 57, swiss governments, lemaire, lgt group",113,2008-02,2014-10,6,6
291,"mr fairfax, ms abedin, mr northam, farenthold, abedin, mr filner, mr franken, mr krone, northam, mr weiner, pishevar, roy moore, justin fairfax, mr isaly, lewd online",194,2008-03,2019-02,7,7
292,"foodgrain, mr subianto, summer sown, red winter, spinks, mr mendell, gov rajan, mr ramaphosa, million bales, mr prokopanko, downer cows, india meteorological, farmland rain, bachoco, pawar said",789,2008-03,2019-05,28,29
293,"wirecard, ms tolstedt, ms tilton, tolstedt, markus braun, quadriga, mr stumpf, wirecard said, mr litvak, zohar funds, litvak, stumpf, ms redmond, mr weigand, mr nason",1084,2008-03,2021-01,33,33
294,"mr iksil, iksil, ocwen, ms schapiro, mr litvak, canellas, boyland, ms walter, mr boyland, macris, mr lawsky, litvak, ms drew, dipascali, donziger",1309,2008-04,2014-06,29,31
295,"subsidized rice, nfa, importer rice, rice traders, angara, rice prices, food authority, rice thailand, global rice, buy rice, rice exports, rice futures, urged rich, rice imports, philippines state",17,2008-04,2008-04,1,1
296,"mr larian, larian, mga, bratz, mr calabrese, viagogo, brawer, fisher price, mattel, mr bryant, calabrese, jazz festival, mattel didn, magic kingdom, carter bryant",15,2008-05,2008-05,1,1
297,"azn 37, alpharma, mr soriot, pfe 02, cv therapeutics, astrazeneca board, soriot, dna 22, hexion, genentech board, soriot said, imclone, imclone board, merck schering, offer pfizer",100,2008-08,2014-05,4,4
298,"sanlu, shuanghui, mr luter, luter, zst, zst digital, mengniu, sanlu group, melamine, shuanghui international, shijiazhuang sanlu, buy smithfield, wh group, cp foods, cermaq",136,2008-09,2014-04,5,5
299,"length months, emba, program length, application deadlines, aacsb, hear thoughts, executive mba, sortable chart, mr senior, comparator, table use, deadlines july, sortable, executive students, executive programs",128,2008-09,2010-09,3,4
300,"mga, bratz, minimum pricing, leegin, state wineries, millercoors, phthalates, chuck cheese, huston says, mo 56, ban cigarette, mr huston, bratz line, evenflo, cigarette packets",38,2008-09,2008-12,2,2
301,"mr montebourg, rhj, mr kron, opel vauxhall, siemens mitsubishi, alstom energy, montebourg, oao gaz, sinotruk, mr wiedeking, beijing auto, opel plants, metso, holding poahy, vauxhall",560,2008-10,2015-07,15,19
302,"net combating, vote infrastructure, ms sinema, wall funding, pass infrastructure, resolved jan, sinema, direct checks, round direct, 1q 4q, cliff isn, hand balancing, ryan budget, climate package, buffett rule",3078,2008-10,2021-12,62,74
303,"dr berwick, adventure click, mini med, person adventure, dr sabit, ppaca, explore america, start interactive, acos, image start, public option, ms sebelius, comparative effectiveness, overhaul affect, braly",4136,2008-10,2021-12,94,105
304,"mr varoufakis, varoufakis, mr tsipras, mr samaras, yanis varoufakis, stelios bouras, venizelos, mr papandreou, tsipras, minister yanis, samaras, syriza, evangelos venizelos, greek banks, bouras",1687,2008-10,2017-02,39,43
305,"mr corbat, repay tarp, corbat, bdc, tce, mr mcquade, wfc 34, onemain, mr pandit, bdcs, exit tarp, mr baronoff, citi holdings, springleaf, mr zubrow",238,2008-10,2015-03,11,11
306,"flash orders, stub quotes, views minimum, hypothetical recession, ccar, ms schapiro, equale, fed severely, portfolios negative, point hypothetical, mr kotz, severely adverse, scenario financial, mr wilmers, bridgeway",1270,2008-10,2017-05,37,39
307,"ocean alliance, platou, teus, lasership, export containers, cosco group, port trucking, cosco, mr moyes, arab shipping, solas, cma cgm, hanjin, 2m alliance, ocean carriers",258,2008-10,2021-10,12,12
308,"ms mester, mr harker, clarida said, mr clarida, mr barkin, mr rosengren, fed leader, mester said, mester, clarida, mr bostic, dot plot, mr derby, harker said, ms daly",2591,2008-12,2021-12,68,73
309,"gm 04, 04 llc, gm cerberus, gmac, gmac bank, stake gmac, gmac gm, gmac chrysler, gmac debt, backstop commercial, gmac said, based gmac, bluefire, gmac likely, 14 voting",25,2008-12,2008-12,1,1
310,"mr liddy, aig bonuses, liddy, mr poling, gross ups, polakoff, liddy said, employees aig, mr molina, barofsky said, aig employees, pay czar, bonus recipients, bonuses aig, viniar said",300,2009-02,2012-03,11,12
311,"ms diallo, banon, merah, adebolajo, mr adebolajo, mr falciani, mr tarrant, falciani, ms bettencourt, haron, dsk, maistre, 8chan, kahn lawyers, diallo",349,2009-03,2019-04,14,14
312,"maersk alabama, al shabab, shabab, mr muse, richard phillips, gortney, killed pirates, capt richard, gulf aden, somali pirates, somalia pirates, pirate attacks, mombasa, bainbridge, somali piracy",27,2009-04,2009-04,1,1
313,"aia deal, alico, aksia, mr curl, mr thiam, aia, deal prudential, aig 67, medina mora, ilfc, thiam, international assurance, billion aia, gregory curl, mr henrikson",209,2009-04,2010-05,7,7
314,"megrahi, mr macaskill, al megrahi, megrahi release, macaskill, kenny macaskill, scottish justice, mr kasab, mr megrahi, compassionate grounds, prisoner transfer, megrahi libyan, abdel baset, baset, baset al",55,2009-04,2009-09,3,3
315,"mr edens, pace loans, naca, renovate america, fhlbs, fha, cecala, jumbo borrowers, springleaf, unconventional loans, zestfinance, durbin amendment, mr cecala, offerpad, corelogic case",518,2009-05,2019-09,22,22
316,"goog 81, mysql, standard essential, ms varney, essential patents, versata, search practices, mr donatelli, fairsearch, apple patents, bazaarvoice, judge robart, robart, device patents, donatelli",168,2009-05,2021-09,8,8
317,"mr wildstein, wildstein, mr baroni, mr lhota, mr percoco, lonegan, mr lonegan, mr smollett, mr avenatti, baroni, lane closures, percoco, mr stepien, lhota, avenatti",2257,2009-08,2019-08,56,64
318,"acorn housing, acorn employees, acorn, acorn workers, registration fraud, james keefe, yosi, acorn said, hutter, funding acorn, com sept, organizations reform, sex slavery, acorn association, community organizing",22,2009-09,2009-09,1,1
319,"mr alexis, ec225, egyptair flight, usis, se a320, sinai province, plaza towers, egyptair, egyptian led, main gearbox, moore okla, aaron alexis, air accident, el faro, paris cairo",324,2009-09,2017-07,11,12
320,"precipitated fall, krenz, anniversary nov, honecker, lachaise, ms müller, mr rall, mr brinkmann, rall, east germans, pages wall, ehrman, brinkmann, erich honecker, journal wrote",62,2009-10,2014-07,3,3
321,"serves lunch, 30 212, francisco serves, malbec, grape varieties, domaine, grape variety, dishes include, francisco open, payard, aioli, syrah, lunch served, lunch menu, mr batali",1548,2009-10,2013-05,39,40
322,"obamaville, gosnell, eviction ban, jeanie ribble, ed grinberg, facebook click, rfra, bialek, asking answers, bobek, john bobek, hillel markowitz, mr cain, com feb, ribble",1220,2009-10,2021-08,41,44
323,"ebersman, fb 58, mr ebersman, sponsored stories, systrom, facebook ipo, facebook shares, linkedin shares, fb 18, linkedin stock, flame outs, znga, zynga znga, zynga games, groupon ipo",816,2009-11,2012-08,18,20
324,"byng, amzn 84, kobo, amzn 28, kindle dx, irex, 99 book, mr riggio, etymotic, mr godin, mr burkle, author solutions, book reader, apple tablet, evernote",273,2009-12,2012-07,9,9
325,"mr winterkorn, spyker, lordstown motors, mr akerson, diess, mr diess, akerson said, jlr, mr nysschen, akerson, nysschen, winterkorn, rivian, mr girsky, tognum",4488,2009-12,2021-11,87,92
326,"mr piñera, port au, au prince, ms noel, prince haiti, jacmel, piñera, haitian capital, concepción, haitian government, bellerive, haitian children, 12 earthquake, jean max, max bellerive",198,2010-01,2010-10,4,4
327,"mr loughner, mr sandusky, loughner, mr tsarnaev, second mile, mr bulger, abu ghaith, mr ravi, mr spanier, mr paterno, mcqueary, mr clementi, etan, mr ghailani, ghailani",2414,2010-01,2015-11,41,53
328,"bcf, traders surveyed, firm gelber, release storage, gas stockpiles, bcf week, report storage, estimate correct, week storage, gelber associates, indoor heating, bayazitoglu, commodity weather, ritterbusch, mmbtu",763,2010-01,2017-04,30,30
329,"mr machar, machar, mr navalny, mr kony, mr kiir, kiir, m23, shekau, mr ouattara, mr gbagbo, mr jonathan, tikhanovskaya, upper nile, mr abadi, seleka",2295,2010-02,2021-12,67,68
330,"mr brunson, mors, brunson, eba, mr erdogan, mr maijoor, denizbank, andrew brunson, lira deposits, sanctions turkish, dexia, civica, lira, elvan, icb",285,2010-03,2021-12,10,10
331,"mr roof, pinckney, com aug, clementa, statehouse grounds, clementa pinckney, beinart, emanuel african, dylann, dylann roof, battle flag, confederate monuments, freising, ratzinger, habsburg",332,2010-03,2020-06,15,15
332,"msha, pike river, upper big, stricklin, oso, big branch, montcoal, montcoal va, april explosion, fiji water, explosion massey, massey upper, levels methane, pneumonic, east 116th",308,2010-04,2021-12,12,12
333,"dispersants, blowout preventer, preventer, stop impact, mr bromwich, 20 explosion, bromwich said, adm allen, aboard rig, spill happened, bromwich, blowout preventers, macondo, relief wells, aboard deepwater",2004,2010-04,2018-05,42,50
334,"mr picard, mets owners, shapeshift, abelow, judge peck, polychain, newpage, penfed, tüv süd, mr tourre, mr abelow, standing instruction, mr kotz, giddens, mr corzine",1138,2010-04,2020-01,29,31
335,"tsujihara, popcap, quarto, ferb, phineas ferb, shrek forever, phineas, train dragon, monster high, hunger games, smurfs, encyclopaedia, katzenberg said, 3ds, encyclopaedia britannica",70,2010-06,2013-03,4,4
336,"markwest, cenovus, sagd, mr pouyanné, columbia pipeline, mplx, crescent point, bg deal, syncrude oil, syncrude, williams partners, oil search, cnrl, nrg yield, van beurden",2309,2010-07,2021-11,38,49
337,"unitech wireless, unitech, licenses bandwidth, telecom department, blackberry services, telecom pvt, uninor, licenses 2008, andimuthu raja, andimuthu, sistema shyam, vodafone essar, mr sibal, minister andimuthu, swan telecom",652,2010-08,2013-06,23,23
338,"amazon foods, moosejaw, hq2, brandless, ocado, pillpack, mr ubhi, lidl, ubhi, gianaris, aldi, mr gennette, mr gianaris, amzn 22, mr jassy",358,2010-10,2019-02,14,15
339,"mr shinseki, modly, phoenix va, shinseki, mr esper, servello, crozier, gilday, sloan gibson, scheduling procedures, hyten, acting navy, esper, shinseki said, problems va",280,2010-10,2020-04,13,13
340,"pound feet, phinney, dual clutch, naturally aspirated, 500 rpm, test car, rlx, length weight, price tested, wheelbase, v6, aspirated, speed automatic, mazda5, mph seconds",256,2010-11,2013-03,11,11
341,"déby, mr déby, zamfara, ms suu, kims, habiba, mr yoffie, nyi, katsina, hlaing, assistance association, kyi, suu, suu kyi, kaduna",93,2010-11,2021-04,5,5
342,"ms hayworth, protectmarriage, protectmarriage com, hayworth said, mr grenell, judge reinhardt, marriage issue, grenell, hayworth, support gay, stands sex, abbott districts, gay marriage, marriage act, defense marriage",53,2010-12,2012-05,3,3
343,"ms giffords, mr loughner, giffords, loughner, lee loughner, jared lee, rep gabrielle, hileman, old jared, mr stoddard, gabrielle giffords, murder count, turton, assassination member, giffords shot",18,2011-01,2011-01,1,1
344,"egyptian stocks, egx, egypt index, vectors egypt, egyptian pound, egx 30, egyptian stock, egypt stock, egyptian pounds, unrest egypt, events egypt, groenenberg, turmoil egypt, egyptian cities, 89 34",33,2011-01,2011-02,2,2
345,"jobs legacy, mr jobs, mr ive, jobs death, ive, touchpad, share memories, form pancreatic, aapl 65, discuss share, jobs absence, neuroendocrine, jobs died, liver transplant, aapl 67",79,2011-01,2011-10,3,3
346,"st joe, dr frost, opko, convatec, fairholme, clorox shares, ms hsiao, clorox, joe board, dynegy, icahn previous, lions gate, icahn bid, offer liberty, mr icahn",45,2011-02,2011-08,2,2
347,"gpif, mr jaczko, jaczko, nisa, millisieverts, mr kuroda, edano, mr noda, mr kan, mr edano, dpj, mr nishiyama, rikuzentakata, tepco, mr shirakawa",2139,2011-03,2016-10,54,62
348,"mr weschler, mr sokol, lubrizol, weschler, sokol, mr hambrick, mr hamburg, hambrick, mr bessent, sokol said, bessent, vallares, buffett comments, david sokol, lubrizol corp",34,2011-03,2011-09,2,2
349,"mr sheen, mr galliano, lorre, galliano, chuck lorre, john galliano, creator chuck, dior, charlie sheen, sheen, sidney toledano, men creator, involving moral, semitic remarks, goods empire",18,2011-03,2011-03,1,1
350,"article 50, ms leadsom, ceta, leadsom, hard border, brexiters, mr corbyn, trigger article, brexit negotiator, negotiator michel, pro brexit, ms sturgeon, corbyn, divorce talks, mr farage",1586,2011-04,2020-07,43,50
351,"dorsheimer, best street, mansky, complete best, rutschow, groh, street survey, mr fraizer, mr eisman, mr gokhale, schoonmaker, arita, fraizer, winning analysts, eisman",53,2011-05,2013-05,3,3
352,"mr salmond, salmond, independent scotland, scots vote, mr schwarzenberg, alex salmond, schwarzenberg, spd, pendragon, mr farage, scottish independence, salmond said, mr babis, 307 year, scotland independent",260,2011-06,2014-09,8,8
353,"mr botstein, roth 401, crypto capital, fafsa, botstein, isas, ms kennard, traditional 401, mr kantrowitz, van dusen, 529 plan, dusen, azz, driven repayment, 529 plans",361,2011-06,2019-05,10,10
354,"mr mandela, m23, mandela family, kasukuwere, seleka, belmokhtar, mr malema, malema, bangui, mr kenyatta, mr klerk, mr ramaphosa, madiba, mr zeid, mopani",151,2011-06,2013-12,7,7
355,"liebig, duncan smith, number suicides, eu staff, working climate, claimant count, overtime hours, hay group, hours 2007, unadjusted unemployment, increase suicides, later east, 35 hour, gone unreported, hiring country",15,2011-07,2011-07,1,1
356,"raif, tottenham, jahan, mr duggan, mark duggan, croydon, police britain, beckhams, clapham, islington, political conclusions, alessandri, youth services, blackberry messenger, crime sprees",32,2011-08,2011-08,1,1
357,"north anna, heacock, tuesday quake, tuesday earthquake, central tower, said cathedral, tuesday magnitude, central virginia, shaking felt, nrc, generators kicked, felt earthquake, quakes, forma session, national cathedral",19,2011-08,2011-08,1,1
358,"poloz, mr poloz, provider cqg, poloz said, economists royal, jimmy jean, cmhc, stephen poloz, governor stephen, non resource, mr morneau, nonenergy exports, cmhc said, factory sales, cqg",1902,2011-08,2021-12,64,67
359,"op bank, mr adoboli, adoboli, libor submissions, morzaria, mr sargeant, investigation libor, mr agius, missier, del missier, steinhoff, libor manipulation, antony jenkins, executive antony, monitise",1124,2011-09,2017-12,28,30
360,"urenco, mpx, suzlon, american superconductor, sse said, vestas, sinovel, mr salmond, superconductor, tanti, salmond, cez, mr tanti, solarworld, nugen",69,2011-09,2013-11,4,4
361,"zuccotti park, zuccotti, ows, occupy oakland, ms quan, occupy wall, occupy protesters, mr ravitch, occupy movement, said occupy, street movement, occupy london, encampment, ribera, brookfield office",102,2011-10,2011-11,2,3
362,"mr falih, oleo gas, oleo, petroamazonas, falih, cuadrilla, bowland, khatam, somaliland, es sider, biomass plants, mr naimi, mazrouei, genscape, tripoli airport",1021,2011-10,2018-10,30,35
363,"mr thein, enkhbayar, adm wu, kyat, thein sein, ms suu, dash line, tpp, rohingyas, thein, sein, zhongwang, ms yingluck, spratlys, president thein",1293,2011-10,2019-10,32,33
364,"kevyn orr, syncora, kevyn, manager kevyn, detroit bankruptcy, rural metro, itr, mr orr, emergency manager, detroit emergency, detroit debt, genesee county, plum island, linda thompson, detroit schools",167,2011-10,2014-09,8,8
365,"kikukawa, aij, mr woodford, takayama, woodford said, olympus said, corp ocpny, tokyo olympus, olympus shares, incj, ocpny, said olympus, cameras medical, tsuyoshi kikukawa, michael woodford",194,2011-10,2016-02,8,8
366,"romney bain, bain invested, mr romney, mr gingrich, time bain, bain investment, gingrich, fewel, romney, end eighth, afscme members, 28 minute, loot company, lifelike, years bain",24,2012-01,2012-01,1,1
367,"milliken, dietderich, said kodak, invented digital, like kodak, kodak sued, kodak, kodak bankruptcy, karlgaard, kodak patent, aapl 14, mr karlgaard, digital patents, apple htc, 2498 60",17,2012-01,2012-01,1,1
368,"mr matolcsy, matolcsy, gyorgy matolcsy, mr orban, forint, matolcsy said, orban, gyorgy, mr varga, mr belka, orban said, eu imf, bank hungary, fidesz, belka",143,2012-01,2014-07,7,7
369,"aapl 84, ireland recoup, taxes apple, apple tax, mr brittin, 1991 2007, brittin, mr kerviel, mr einhorn, aapl 04, owned apple, rate apple, ms vestager, apple proposal, apple operations",105,2012-03,2016-09,6,6
370,"hord, aluminum shapes, gen lewis, wyda, sugar grove, cartagena, nsa pentagon, goehring, prostitutes hotel, brought prostitutes, zhongwang, private screeners, mr neely, tsa, stossel",41,2012-04,2016-10,2,2
371,"vonovia, wohnen, deutsche wohnen, mr ghizzoni, corpbanca, ncg banco, wincor, ghizzoni, ncg, mr goirigolzarri, novo banco, bankia, compares quality, mps foundation, mr mallya",647,2012-04,2017-07,18,19
372,"coty, amylin, avon board, said coty, coty chairman, door beauty, coty said, joh benckiser, sherilyn mccoy, mr cleghorn, avon shares, sherilyn, cvr, executive sherilyn, ascena",31,2012-04,2012-05,2,2
373,"stoudemire, tortorella, tebow, revis, tyson chandler, coach rex, eastern conference, according stats, lundqvist, sparano, amar stoudemire, kovalchuk, tim tebow, rex ryan, mark sanchez",779,2012-08,2013-05,10,26
374,"association mineworkers, mineworkers construction, samarco, mr cutifani, south32, cutifani, minas rio, marikana, bsg resources, las bambas, bambas, lonmin, lonmin said, osisko, mr glasenberg",1665,2012-08,2017-10,40,43
375,"ms cheney, stefanik, freedom caucus, ms pritzker, ms windsor, prop 30, ms munger, mr mayorkas, proposition 30, magner gallagher, doma, mr mayne, yoffe, mr bork, kiobel",406,2012-08,2021-05,14,15
376,"parler, amzn 33, viagogo, introverts, gdpr, jassy, red wing, solarwinds, dxc, oldsmar, mr jassy, rwdsu, hybrid cloud, low code, google cloud",527,2012-08,2021-12,16,17
377,"bae eads, baesy 03, cassidian, eads bae, mr enders, ba 20, dmlry 19, talks eads, 15 eads, 03 plc, merger bae, daimler stake, eads, bae shares, mr olver",42,2012-09,2012-10,2,2
378,"nov tuesday, thursday tuesday, moved thursday, electronic arca, mr lauria, moved wednesday, spanish growth, vonderheide, expected spanish, average futures, arca, gorra, nov wednesday, moved friday, arca exchange",25,2012-10,2012-10,1,1
379,"usada, hincapie, mr baumgartner, habe, meteors, meteorites, skydive, baumgartner, einem, haben, meteorite, dass, armstrongs, orbcomm, auch",19,2012-10,2012-10,1,1
380,"mr shahrani, shahrani, nexen, presalt, crtc, cnooc nexen, shahrani said, moily, mr galuccio, galuccio, galuccio said, wanbao, cvx 10, kudankulam, kvisle",300,2012-10,2014-08,9,9
381,"bakers union, nuhw, lirr, bad hersfeld, hersfeld, rayburn said, verdi said, septa, lirr employees, amazon germany, hostess said, judge drain, mr rayburn, snack cakes, verdi",121,2012-11,2019-09,6,6
382,"micrel, 10b5, 10b5 plans, directed share, mr zinn, 10b5 plan, cardtronics, mr milano, jagolinzer, mr roush, set prearranged, zinn, trading plans, mr steiger, 10b5 trading",15,2012-11,2012-11,1,1
383,"flag laws, stephen paddock, controversial american, stoneman douglas, douglas high, marjory stoneman, arms central, certain semiautomatic, bump stocks, stoneman, paddock, ammunition magazines, danley, mr snead, expanding background",443,2012-12,2019-09,11,12
384,"adami, okanagan, mr wegner, chihuahuas, oyster farm, mr colicchio, backcountry, mr speiser, siddall, colicchio, dr clark, asian carp, prairie chicken, bear cub, sea lions",85,2012-12,2014-10,4,4
385,"ms jewell, kemper plant, mr moniz, ipcc, passenger pigeon, gigatons, ofa, section 111, net metering, rins, kulluk, moniz, tepco, mississippi power, jewell",206,2013-01,2014-10,9,9
386,"viganò, notify parties, parnas, sacklers, bergoglio, mr lapierre, mr parnas, judge davila, sussmann, new pope, wuerl, fruman, directed court, ms holmes, theranos",604,2013-02,2021-10,19,19
387,"horse meat, mr clouse, clouse, traces horse, hard seltzer, clouse said, mr crosthwaite, meat plants, cal maine, meat scandal, beef burgers, retail milk, yuengling, crawfish, mr patricio",198,2013-02,2021-02,8,8
388,"dell shareholders, dell board, icahn southeastern, corporate founders, dell special, committee dell, dell buyout, dell silver, bid dell, dell 62, dell 53, mr dell, dell 24, dell private, dell shares",84,2013-02,2013-07,4,4
389,"sell martha, jcp, macy sued, home departments, justice jeffrey, stewart products, orchard supply, exclusive categories, macy exclusive, stewart branded, penney deal, portrait studios, penney sell, said penney, penney working",32,2013-04,2013-04,1,1
390,"mrs thatcher, thatcher died, willem alexander, thatcher took, transformed britain, matthijs, lady turning, reagan thatcher, thatcher, thatcherism, beatrix, king willem, privatisation, spitting image, iron lady",28,2013-04,2013-04,1,1
391,"lubetzky, nuhw, css profile, isas, mr schlichter, brokerage window, fafsa, kantrowitz says, traditional iras, edmundson, beshears, schlichter, deceased spouse, cheesemaker, mr frerichs",272,2013-04,2020-01,13,13
392,"garcha, manchester city, mr barclay, mls, competitor group, figueras, reyna, red bulls, alex ferguson, yankees president, america cup, mourinho, beckham, prince harry, hrh",28,2013-05,2013-05,1,1
393,"mr gulen, gulen, gezi park, akp, taksim, gezi, mr erdogan, taksim square, zarrab, mr zarrab, pkk, hdp, manbij, mr erdoğan, mr yildirim",271,2013-06,2017-07,11,11
394,"mchm, mr burkhardt, mégantic, lac mégantic, tank cars, bakken crude, maine atlantic, coal ash, montreal maine, mégantic quebec, dot 111, oil train, hand brakes, burkhardt said, atlantic railway",303,2013-07,2015-02,9,9
395,"weisselberg, mr weisselberg, fertinal, ms boylan, mr hallett, nj transit, positivity rate, home deaths, mr lhota, dr zucker, bogucki, mr gaetz, calk, hoboken terminal, lirr",730,2014-01,2021-07,26,27
396,"mchm, freedom industries, pph, crude mchm, gary southern, virginia american, containment wall, elk river, etowah, state dep, water ban, owned freedom, pennzoil quaker, tank leaked, chemical spill",16,2014-01,2014-01,1,1
397,"defi, dogecoin, bitcoin futures, mt gox, karpelès, gox, stablecoins, mr karpelès, litecoin, coin offerings, coinbase, xrp, initial coin, ftx, launch bitcoin",463,2014-02,2021-10,17,17
398,"degiorgio, valukas, mr degiorgio, ignition switch, ms barra, switch recall, inflater, chevrolet cobalt, millikin, cobalts, faulty ignition, takata, inflaters, ignition switches, gm recalled",706,2014-03,2020-07,23,23
399,"zacconi, candy crush, mojang, crush saga, king digital, chalfen, riccardo zacconi, minecraft, a10, entertainment plc, executive riccardo, king ipo, popular candy, gungho, baggini",19,2014-03,2014-03,1,1
400,"metro vancouver, tank cars, oil train, dot 111, oil trains, progress rail, mégantic, lac mégantic, ultralight oil, crude carrying, hollub, terminal island, alta mesa, bakken, dot 111s",297,2014-03,2019-04,10,10
401,"raw aluminum, picadilly, build bear, coal volume, tilk, coned, module shipments, kemper county, felcor, fracking sand, norfolk southern, cp, tilk said, railway cp, coal volumes",189,2014-04,2016-02,7,8
402,"warmbier, mr fowle, thaad, mr moon, gen kim, mr rosselló, korean coal, mr ri, punggye ri, punggye, otto warmbier, sewol, denuclearization, defense thaad, mr im",1564,2014-04,2019-08,37,39
403,"mr mnangagwa, mnangagwa, mr odinga, mr kenyatta, chamisa, odinga, lourenço, mr lungu, hichilema, lungu, mr machar, kenyatta, machar, mr mugabe, mpla",93,2014-05,2018-08,5,5
404,"bosarge, windhorst, serhant, ms post, mr serhant, arnt, mr schenck, rozek, mr bosarge, vwr, elfman, listing agents, kagalovsky, parexel, avantor",654,2014-05,2020-10,20,22
405,"salt deduction, mr rettig, pass throughs, pass businesses, border adjustment, local deduction, 20 deduction, 157 500, 17 850, gains death, 19 050, credits effective, rettig, 2018 property, repeal deduction",1471,2014-06,2021-11,38,39
406,"mr subianto, subianto, subianto said, mr widodo, gov joko, prabowo, general prabowo, prabowo subianto, widodo, rajasa, yudhoyono steps, indonesia presidential, jakarta gov, djojohadikusumo, quick counts",24,2014-07,2014-07,1,1
407,"mr neves, ms silva, eduardo campos, aécio, neves, marina silva, candidate marina, aécio neves, ms rousseff, ibope, brazilian socialist, neves brazilian, datafolha, mr mantega, brazilian social",98,2014-08,2014-10,3,3
408,"foland, chengshan, wotif, itw, rail mergers, cooper tire, tire said, sales eaton, csx didn, amphenol, week csx, sonoco, president pratt, canadian pacific, railway cp",91,2014-08,2015-01,3,3
409,"bachher, mr blyth, ronnie chan, artiman, ms garrett, university operating, endowment gained, singh bachher, fulfill mounting, divestment fossil, mendillo, jagdeep singh, mounting obligations, endowments public, 10 campuses",17,2014-09,2014-09,1,1
410,"pfizer allergan, abbvie shire, abbvie, inverted companies, inversion deals, inversions, based allergan, earnings stripping, waste connections, abbvie said, ornskov, corporate inversions, allergan deal, allergan, anti inversion",62,2014-10,2016-04,3,3
411,"geoengineering, carvana, nazca, tc energy, nobre, rivian, mr diess, nazca lines, drivetime, paris accord, omicron, diess, mr koonin, carbon neutrality, paris agreement",390,2014-12,2021-12,11,11
412,"mr levandowski, uberpop, levandowski, mr kalanick, uberchina, kalanick, liss riordan, ms liss, rigetti, uber employees, sued uber, kalanick said, waymo, hornsey, pishevar",440,2014-12,2020-08,21,21
413,"fxcm, nfa, fxcm said, leucadia, surge swiss, hard swiss, stop reining, said fxcm, nfa said, percentage trade, drew niv, firm leucadia, retail foreign, peterffy said, regulation retail",17,2015-01,2015-01,1,1
414,"terraform, standard general, kamensky, terraform global, mr kamensky, sunedison, molycorp, marble ridge, salus, venoco, oncor, terraform power, china fishery, ms hollub, optim",1014,2015-02,2020-09,30,30
415,"istana, lungu, singapore general, mr lungu, singapore current, lee led, led southeast, 1990 left, loong mr, body lie, parliament house, transforming small, lee died, level advisory, elected unopposed",17,2015-03,2015-03,1,1
416,"aiib, adb, asian infrastructure, nakao, imf governance, join asian, initial capitalization, finance road, jin liqun, holds greater, joining later, separate backed, invited countries, transparency governance, mr hockey",16,2015-03,2015-03,1,1
417,"mers, mr jo, mr muhyiddin, zero covid, lab leak, il kim, muhyiddin, wuhan institute, delta variant, embarek, tekmira, ben embarek, ebola patients, east respiratory, mers outbreak",110,2015-03,2021-08,4,4
418,"workers aid, taa, workers assistance, oppose fast, worker aid, voted fast, tpa, track legislation, submit trade, voted workers, vote fast, obama fast, track measure, tpp, mr milliken",95,2015-04,2015-06,3,3
419,"blackjewel, tailings dams, brumadinho, high severe, magnetation, hazard potential, optim, fes, ubiome, mr dondero, umwa, tailings, dondero, energy permian, tüv süd",43,2015-05,2019-10,2,2
420,"mr bertolini, bertolini, otezla, centene, aetna humana, buy humana, mr swedish, anthem cigna, mr merlo, bertolini said, mr broussard, insurers revenue, livongo, optum, humana",86,2015-07,2019-06,4,4
421,"ivanpah, block island, mr martín, ohl, rps, solarcity, pepco, cape wind, ohl mexico, brightsource, home solar, gonzález anaya, arava, cemex, gamesa",43,2015-07,2016-03,2,2
422,"juul, mr dutra, fbn, stada, ab inbev, nmc, liquid nicotine, jany, mallinckrodt, mpm, dutra, mr baumann, mr bertolini, active ownership, bud 86",111,2015-07,2021-08,4,4
423,"graham cassidy, vaping related, juul, vaping, repeal aca, aca taxes, vaping products, ahca, aca plans, vape, mr macarthur, sale flavored, aca repeal, aca exchanges, skinny repeal",1324,2015-09,2020-01,29,32
424,"dow 72, dow dupont, mr liveris, jarden, liveris, mr ramsay, mr breen, syngenta, dupont dow, syngenta investors, sciences specialty, ramsay said, breen, chemical agricultural, dow corning",23,2015-12,2015-12,1,1
425,"pfas, mr angelle, angelle, smoking age, mr prieto, mr christie, dr fitzgerald, prieto, guadagno, ms guadagno, pimlott, mr pimlott, mr pataki, vincent prieto, speaker vincent",72,2016-01,2020-02,3,3
426,"hoosick, rock sioux, flint river, using flint, pfoa, lead pipes, flint water, mr pruitt, water flint, standing rock, lead contamination, dakota access, lead drinking, gatlinburg, lead service",371,2016-02,2019-09,11,12
427,"mr dejoy, raffensperger, judge gorsuch, dejoy, mr raffensperger, election mail, poliquin, mail ballots, dejoy said, vote mail, ballot harvesting, postmarked election, mail absentee, mail voting, person voting",510,2016-02,2021-01,17,17
428,"asciano, shanghai pengxin, pengxin, investa, qube, dexus, manus island, mr turnbull, biggest cattle, kidman, brookfield infrastructure, linfox, dcns, seen threaten, asc",37,2016-02,2016-04,2,2
429,"mr umpleby, umpleby, xpo, ab5, anixter, xpo said, mr hilal, motor carriers, mr oberhelman, dsv, wesco, scheduled railroading, precision scheduled, bradley jacobs, hilal",104,2016-02,2020-01,5,5
430,"bangladesh bank, defi, shadow brokers, solarwinds, ransomware, ransomware payments, ciso, ransomware attacks, wannacry, pro cybersecurity, guccifer, pipeline security, hit ransomware, bangladesh central, nso",524,2016-03,2021-12,20,20
431,"mossack, mossack fonseca, gunnlaugsson, mr gunnlaugsson, fonseca, panamanian law, panama papers, firm mossack, mr devillers, devillers, mr heywood, called panama, documents panamanian, unaoil, documents panama",30,2016-04,2016-04,1,1
432,"hanjin, hanjin shipping, cape good, said hanjin, stx france, murban, stx offshore, hanjin group, karatzas, hanjin bankruptcy, stranded sea, imabari, canal authority, korea line, route example",183,2016-09,2021-04,8,8
433,"mr temer, mr calheiros, calheiros, janot, temer, mr odebrecht, odebrecht, joesley, joesley batista, mr janot, maxpower, mr batista, batista brothers, mr mistry, marcelo odebrecht",171,2016-09,2017-06,6,6
434,"mr lighthizer, lighthizer, border adjustment, mr videgaray, videgaray, chapter 19, cohn departure, guajardo, ildefonso guajardo, mr macron, mr navarro, brexiters, ciobo, border adjusted, mr winterkorn",598,2016-11,2018-07,13,18
435,"appnexus, header bidding, white ops, postproduction, automattic, ad tech, gdpr, mr whipple, cmo today, rigged bidding, effects color, robocallers, whipple, id database, company appnexus",48,2016-12,2018-06,2,2
436,"harward, mr comey, shulkin, dr shulkin, mr rosenstein, mr scaramucci, kislyak, mr priebus, comey, mr kislyak, flynn resignation, mr tillerson, comey mr, gen mcmaster, russia investigation",407,2016-12,2018-04,9,9
437,"ndaa, section 230, gen bogdan, bogdan said, mr huerta, honoring confederate, content publish, 35 program, aerojet, repeal section, 230 communications, bogdan, minuteman iii, 230 1996, year ndaa",32,2016-12,2020-12,2,2
438,"biden presidency, mr biden, aadhaar, indexing capital, cop26, sinema, bipartisan infrastructure, demonetization, biden, climate provisions, manchin, mr manchin, nasbo, net combating, tech taxes",128,2017-01,2021-11,6,6
439,"ms ohlhausen, privacy shield, immigration order, ohlhausen, 1b program, signed brief, outer ring, waber, crv, draft executive, mr kalanick, visa programs, 1b, 1b visas, kalanick",19,2017-02,2017-02,1,1
440,"mr northam, arlington alexandria, ppp loans, northam, 2013 gubernatorial, payroll loans, wall funding, ppp loan, shifted party, mrs trump, mr hickenlooper, mr rourke, border barriers, ms ocasio, ppp funds",454,2017-06,2020-07,12,13
441,"great ormond, ormond street, gard, doudna, crispr, street hospital, experimental therapy, ormond, ms yates, mr gard, nucleoside, trump pope, gene drive, assisted suicide, mitochondrial",16,2017-07,2017-07,1,1
442,"worldpay, vantiv, sapphire reserve, chase pay, member loans, al kelly, britto, vocalink, reserve customers, chase sapphire, sapphire, card member, paypal shares, paypal, faster payments",15,2017-07,2017-07,1,1
443,"mr guaidó, guaidó, mr maduro, trillanes, guaidó said, juan guaidó, padrino, mr bolsonaro, maduro regime, maduro, mr vecchio, bolsonaro, crystallex, agr, control citgo",409,2017-11,2019-10,13,14
444,"qualcomm board, broadcom bid, broadcom qualcomm, bid qualcomm, axalta, hock tan, broadcom avgo, cavium, executive hock, redomicile, nxp, avgo, broadcom, takeover qualcomm, qcom 27",74,2017-11,2018-03,3,3
445,"point defiance, north lirr, site train, lirr nj, curve point, mr foote, 80 mph, train traveling, positive train, tight curve, derailed washington, tacoma washington, accident site, lirr, nj transit",21,2017-12,2017-12,1,1
446,"judge barrett, lagoa, mr buttigieg, stefanowski, people praise, coney barrett, amy coney, barrett nomination, mr stefanowski, cawthorn, mr bevin, barrett confirmation, justice barrett, boebert, buttigieg",304,2018-01,2020-10,7,7
447,"usmca, mr lighthizer, new nafta, lighthizer, ebrard, mr ebrard, cell cultured, agreement usmca, ebrard said, tariffs mexico, mexican delegation, chapter 19, guajardo, canada agreement, revised nafta",148,2018-04,2019-12,6,6
448,"popik, mr ranieri, ranieri, mr spitznagel, spitznagel, language wants, maiden lane, universa, wants based, satisfy wants, pfau, mr pfau, pfau says, ginnie mae, ginnie",22,2018-09,2018-09,1,1
449,"pcg 44, wildfire claims, pg equipment, pg bankruptcy, wildfire victims, claims pg, pg said, judge alsup, alsup, wildfire damages, geisha williams, executive geisha, monday pg, electric division, statement pg",50,2019-01,2019-09,2,2
450,"mr gantz, gantz, mr netanyahu, gantz said, arab parties, benny gantz, likud, mr rivlin, yisrael beiteinu, beiteinu, netanyahu likud, white party, greensill, joint list, knesset",98,2019-05,2021-04,5,5
451,"esg funds, esg, sustainability linked, esg fund, sustainable finance, sustainably managed, covestro, sustainable investing, esg data, machinery goods, esg factors, esg investing, esg ratings, esg performance, reporter barcelona",115,2019-06,2021-09,5,5
452,"roundtable companies, org mckinsey, french gates, leanin org, leanin, companies 53, mr bostic, mcwhinney, ms french, chief diversity, suzman, mr pasternak, ahmaud, ahmaud arbery, lightship",126,2019-08,2021-06,5,5
453,"newsletter receive, section markets, premarket shares, premarket company, morning email, stocks watch, 11 premarket, markets newsletter, flat premarket, trade actively, stock movements, actively friday, 19 premarket, unchanged premarket, premarket",35,2019-08,2019-09,2,2
454,"mr guaidó, unanue, guaidó, mishustin, mr lozoya, lozoya, mr maduro, amlo, lópez obrador, ms longo, mr lópez, obrador, jalisco cartel, autostrade, usmca",91,2020-01,2021-05,4,4
455,"coronavirus jan, stearns sold, 2014 2010, bailout law, crisis aug, analytics decision, laws 25, 2014 industrial, bankruptcy 15, coronavirus, japan employment, cbo forecast, metrick said, 21 estimates, stimulus law",17,2020-03,2020-03,1,1
456,"black start, ercot, colonial pipeline, pipeline shutdown, consumed east, gasbuddy, ransomware, tracker gasbuddy, panic buy, 45 fuel, ransomware attack, ercot said, report outages, fuel consumed, following cyberattack",16,2021-05,2021-05,1,1
457,"talc, neutrogena aveeno, imerys, sunscreens, aveeno, injury claimants, neutrogena, cardinal mckesson, talc lawsuits, amerisourcebergen cardinal, talcum based, talc related, baby powder, causing chemical, beilinson",16,2021-07,2021-07,1,1
458,"lca vision, mr culp, gorsky said, johnson baby, lca, mr gorsky, ge appliances, healthcare energy, culp, baby powder, darzalex, duato, bandages tylenol, gorsky, surgeons said",20,2021-11,2021-11,1,1
